User,Accuracy,Threshold,LearningRate,Discount,Algorithm,StateAccuracy
pro10_bdf_p3,0.2024793388429752,0.05,0,0,WSLS,"[None, None, None]"
pro10_bdf_p3,0.27510917030567683,0.1,0,0,WSLS,"[None, None, None]"
pro10_bdf_p3,0.27450980392156865,0.2,0,0,WSLS,"[None, None, None]"
pro10_bdf_p3,0.2247191011235955,0.3,0,0,WSLS,"[None, None, None]"
pro10_bdf_p3,0.21568627450980393,0.4,0,0,WSLS,"[None, None, None]"
pro10_bdf_p3,0.28346456692913385,0.5,0,0,WSLS,"[None, None, None]"
pro10_bdf_p3,0.24509803921568626,0.6,0,0,WSLS,"[None, None, None]"
pro10_bdf_p3,0.19480519480519481,0.7,0,0,WSLS,"[None, None, None]"
pro10_bdf_p3,0.27450980392156865,0.8,0,0,WSLS,"[None, None, None]"
pro10_bdf_p3,0.2692307692307692,0.9,0,0,WSLS,"[None, None, None]"
pro11_bcf_p3,0.27522935779816515,0.05,0,0,WSLS,"[None, None, None]"
pro11_bcf_p3,0.20388349514563106,0.1,0,0,WSLS,"[None, None, None]"
pro11_bcf_p3,0.2826086956521739,0.2,0,0,WSLS,"[None, None, None]"
pro11_bcf_p3,0.2375,0.3,0,0,WSLS,"[None, None, None]"
pro11_bcf_p3,0.3333333333333333,0.4,0,0,WSLS,"[None, None, None]"
pro11_bcf_p3,0.21052631578947367,0.5,0,0,WSLS,"[None, None, None]"
pro11_bcf_p3,0.2391304347826087,0.6,0,0,WSLS,"[None, None, None]"
pro11_bcf_p3,0.2571428571428571,0.7,0,0,WSLS,"[None, None, None]"
pro11_bcf_p3,0.34782608695652173,0.8,0,0,WSLS,"[None, None, None]"
pro11_bcf_p3,0.16666666666666666,0.9,0,0,WSLS,"[None, None, None]"
pro12_bdf_p3,0.20689655172413793,0.05,0,0,WSLS,"[None, None, None]"
pro12_bdf_p3,0.2545454545454545,0.1,0,0,WSLS,"[None, None, None]"
pro12_bdf_p3,0.12244897959183673,0.2,0,0,WSLS,"[None, None, None]"
pro12_bdf_p3,0.32558139534883723,0.3,0,0,WSLS,"[None, None, None]"
pro12_bdf_p3,0.32432432432432434,0.4,0,0,WSLS,"[None, None, None]"
pro12_bdf_p3,0.16129032258064516,0.5,0,0,WSLS,"[None, None, None]"
pro12_bdf_p3,0.2,0.6,0,0,WSLS,"[None, None, None]"
pro12_bdf_p3,0.3157894736842105,0.7,0,0,WSLS,"[None, None, None]"
pro12_bdf_p3,0.07692307692307693,0.8,0,0,WSLS,"[None, None, None]"
pro12_bdf_p3,0.14285714285714285,0.9,0,0,WSLS,"[None, None, None]"
pro14_bdf_p3,0.24285714285714285,0.05,0,0,WSLS,"[None, None, None]"
pro14_bdf_p3,0.22727272727272727,0.1,0,0,WSLS,"[None, None, None]"
pro14_bdf_p3,0.23728813559322035,0.2,0,0,WSLS,"[None, None, None]"
pro14_bdf_p3,0.23076923076923078,0.3,0,0,WSLS,"[None, None, None]"
pro14_bdf_p3,0.25,0.4,0,0,WSLS,"[None, None, None]"
pro14_bdf_p3,0.2702702702702703,0.5,0,0,WSLS,"[None, None, None]"
pro14_bdf_p3,0.2,0.6,0,0,WSLS,"[None, None, None]"
pro14_bdf_p3,0.2727272727272727,0.7,0,0,WSLS,"[None, None, None]"
pro14_bdf_p3,0.26666666666666666,0.8,0,0,WSLS,"[None, None, None]"
pro14_bdf_p3,0.25,0.9,0,0,WSLS,"[None, None, None]"
pro16_bce_p3,0.20610687022900764,0.05,0,0,WSLS,"[None, None, None]"
pro16_bce_p3,0.2903225806451613,0.1,0,0,WSLS,"[None, None, None]"
pro16_bce_p3,0.2727272727272727,0.2,0,0,WSLS,"[None, None, None]"
pro16_bce_p3,0.25,0.3,0,0,WSLS,"[None, None, None]"
pro16_bce_p3,0.18072289156626506,0.4,0,0,WSLS,"[None, None, None]"
pro16_bce_p3,0.2898550724637681,0.5,0,0,WSLS,"[None, None, None]"
pro16_bce_p3,0.2545454545454545,0.6,0,0,WSLS,"[None, None, None]"
pro16_bce_p3,0.2857142857142857,0.7,0,0,WSLS,"[None, None, None]"
pro16_bce_p3,0.17857142857142858,0.8,0,0,WSLS,"[None, None, None]"
pro16_bce_p3,0.42857142857142855,0.9,0,0,WSLS,"[None, None, None]"
pro19_bcf_p3,0.24742268041237114,0.05,0,0,WSLS,"[None, None, None]"
pro19_bcf_p3,0.23097826086956522,0.1,0,0,WSLS,"[None, None, None]"
pro19_bcf_p3,0.2415902140672783,0.2,0,0,WSLS,"[None, None, None]"
pro19_bcf_p3,0.3076923076923077,0.3,0,0,WSLS,"[None, None, None]"
pro19_bcf_p3,0.21224489795918366,0.4,0,0,WSLS,"[None, None, None]"
pro19_bcf_p3,0.27941176470588236,0.5,0,0,WSLS,"[None, None, None]"
pro19_bcf_p3,0.25609756097560976,0.6,0,0,WSLS,"[None, None, None]"
pro19_bcf_p3,0.23577235772357724,0.7,0,0,WSLS,"[None, None, None]"
pro19_bcf_p3,0.2926829268292683,0.8,0,0,WSLS,"[None, None, None]"
pro19_bcf_p3,0.14634146341463414,0.9,0,0,WSLS,"[None, None, None]"
pro1_bcf_p3,0.24836601307189543,0.05,0,0,WSLS,"[None, None, None]"
pro1_bcf_p3,0.2689655172413793,0.1,0,0,WSLS,"[None, None, None]"
pro1_bcf_p3,0.2868217054263566,0.2,0,0,WSLS,"[None, None, None]"
pro1_bcf_p3,0.3008849557522124,0.3,0,0,WSLS,"[None, None, None]"
pro1_bcf_p3,0.24742268041237114,0.4,0,0,WSLS,"[None, None, None]"
pro1_bcf_p3,0.24691358024691357,0.5,0,0,WSLS,"[None, None, None]"
pro1_bcf_p3,0.26153846153846155,0.6,0,0,WSLS,"[None, None, None]"
pro1_bcf_p3,0.22448979591836735,0.7,0,0,WSLS,"[None, None, None]"
pro1_bcf_p3,0.30303030303030304,0.8,0,0,WSLS,"[None, None, None]"
pro1_bcf_p3,0.29411764705882354,0.9,0,0,WSLS,"[None, None, None]"
pro26_bde_p3,0.20437956204379562,0.05,0,0,WSLS,"[None, None, None]"
pro26_bde_p3,0.2923076923076923,0.1,0,0,WSLS,"[None, None, None]"
pro26_bde_p3,0.3103448275862069,0.2,0,0,WSLS,"[None, None, None]"
pro26_bde_p3,0.2376237623762376,0.3,0,0,WSLS,"[None, None, None]"
pro26_bde_p3,0.13793103448275862,0.4,0,0,WSLS,"[None, None, None]"
pro26_bde_p3,0.2777777777777778,0.5,0,0,WSLS,"[None, None, None]"
pro26_bde_p3,0.1724137931034483,0.6,0,0,WSLS,"[None, None, None]"
pro26_bde_p3,0.22727272727272727,0.7,0,0,WSLS,"[None, None, None]"
pro26_bde_p3,0.2413793103448276,0.8,0,0,WSLS,"[None, None, None]"
pro26_bde_p3,0.4,0.9,0,0,WSLS,"[None, None, None]"
pro27_bcf_p3,0.24444444444444444,0.05,0,0,WSLS,"[None, None, None]"
pro27_bcf_p3,0.2222222222222222,0.1,0,0,WSLS,"[None, None, None]"
pro27_bcf_p3,0.2236842105263158,0.2,0,0,WSLS,"[None, None, None]"
pro27_bcf_p3,0.2556390977443609,0.3,0,0,WSLS,"[None, None, None]"
pro27_bcf_p3,0.2894736842105263,0.4,0,0,WSLS,"[None, None, None]"
pro27_bcf_p3,0.3157894736842105,0.5,0,0,WSLS,"[None, None, None]"
pro27_bcf_p3,0.2236842105263158,0.6,0,0,WSLS,"[None, None, None]"
pro27_bcf_p3,0.21052631578947367,0.7,0,0,WSLS,"[None, None, None]"
pro27_bcf_p3,0.2894736842105263,0.8,0,0,WSLS,"[None, None, None]"
pro27_bcf_p3,0.42105263157894735,0.9,0,0,WSLS,"[None, None, None]"
pro28_bce_p3,0.25773195876288657,0.05,0,0,WSLS,"[None, None, None]"
pro28_bce_p3,0.20108695652173914,0.1,0,0,WSLS,"[None, None, None]"
pro28_bce_p3,0.24390243902439024,0.2,0,0,WSLS,"[None, None, None]"
pro28_bce_p3,0.22377622377622378,0.3,0,0,WSLS,"[None, None, None]"
pro28_bce_p3,0.2601626016260163,0.4,0,0,WSLS,"[None, None, None]"
pro28_bce_p3,0.28431372549019607,0.5,0,0,WSLS,"[None, None, None]"
pro28_bce_p3,0.21951219512195122,0.6,0,0,WSLS,"[None, None, None]"
pro28_bce_p3,0.25806451612903225,0.7,0,0,WSLS,"[None, None, None]"
pro28_bce_p3,0.21951219512195122,0.8,0,0,WSLS,"[None, None, None]"
pro28_bce_p3,0.2857142857142857,0.9,0,0,WSLS,"[None, None, None]"
pro2_bce_p3,0.2518518518518518,0.05,0,0,WSLS,"[None, None, None]"
pro2_bce_p3,0.1328125,0.1,0,0,WSLS,"[None, None, None]"
pro2_bce_p3,0.32456140350877194,0.2,0,0,WSLS,"[None, None, None]"
pro2_bce_p3,0.2,0.3,0,0,WSLS,"[None, None, None]"
pro2_bce_p3,0.313953488372093,0.4,0,0,WSLS,"[None, None, None]"
pro2_bce_p3,0.23943661971830985,0.5,0,0,WSLS,"[None, None, None]"
pro2_bce_p3,0.38596491228070173,0.6,0,0,WSLS,"[None, None, None]"
pro2_bce_p3,0.3488372093023256,0.7,0,0,WSLS,"[None, None, None]"
pro2_bce_p3,0.27586206896551724,0.8,0,0,WSLS,"[None, None, None]"
pro2_bce_p3,0.3333333333333333,0.9,0,0,WSLS,"[None, None, None]"
pro30_bde_p3,0.3089430894308943,0.05,0,0,WSLS,"[None, None, None]"
pro30_bde_p3,0.24786324786324787,0.1,0,0,WSLS,"[None, None, None]"
pro30_bde_p3,0.2403846153846154,0.2,0,0,WSLS,"[None, None, None]"
pro30_bde_p3,0.24175824175824176,0.3,0,0,WSLS,"[None, None, None]"
pro30_bde_p3,0.23076923076923078,0.4,0,0,WSLS,"[None, None, None]"
pro30_bde_p3,0.2923076923076923,0.5,0,0,WSLS,"[None, None, None]"
pro30_bde_p3,0.23076923076923078,0.6,0,0,WSLS,"[None, None, None]"
pro30_bde_p3,0.1794871794871795,0.7,0,0,WSLS,"[None, None, None]"
pro30_bde_p3,0.34615384615384615,0.8,0,0,WSLS,"[None, None, None]"
pro30_bde_p3,0.15384615384615385,0.9,0,0,WSLS,"[None, None, None]"
pro32_bdf_p3,0.25396825396825395,0.05,0,0,WSLS,"[None, None, None]"
pro32_bdf_p3,0.24686192468619247,0.1,0,0,WSLS,"[None, None, None]"
pro32_bdf_p3,0.2688679245283019,0.2,0,0,WSLS,"[None, None, None]"
pro32_bdf_p3,0.23655913978494625,0.3,0,0,WSLS,"[None, None, None]"
pro32_bdf_p3,0.23270440251572327,0.4,0,0,WSLS,"[None, None, None]"
pro32_bdf_p3,0.21804511278195488,0.5,0,0,WSLS,"[None, None, None]"
pro32_bdf_p3,0.22641509433962265,0.6,0,0,WSLS,"[None, None, None]"
pro32_bdf_p3,0.25,0.7,0,0,WSLS,"[None, None, None]"
pro32_bdf_p3,0.22641509433962265,0.8,0,0,WSLS,"[None, None, None]"
pro32_bdf_p3,0.25925925925925924,0.9,0,0,WSLS,"[None, None, None]"
pro4_bce_p3,0.27091633466135456,0.05,0,0,WSLS,"[None, None, None]"
pro4_bce_p3,0.29411764705882354,0.1,0,0,WSLS,"[None, None, None]"
pro4_bce_p3,0.2830188679245283,0.2,0,0,WSLS,"[None, None, None]"
pro4_bce_p3,0.22162162162162163,0.3,0,0,WSLS,"[None, None, None]"
pro4_bce_p3,0.20754716981132076,0.4,0,0,WSLS,"[None, None, None]"
pro4_bce_p3,0.22727272727272727,0.5,0,0,WSLS,"[None, None, None]"
pro4_bce_p3,0.18867924528301888,0.6,0,0,WSLS,"[None, None, None]"
pro4_bce_p3,0.1875,0.7,0,0,WSLS,"[None, None, None]"
pro4_bce_p3,0.3018867924528302,0.8,0,0,WSLS,"[None, None, None]"
pro4_bce_p3,0.18518518518518517,0.9,0,0,WSLS,"[None, None, None]"
pro6_bde_p3,0.21153846153846154,0.05,0,0,WSLS,"[None, None, None]"
pro6_bde_p3,0.16326530612244897,0.1,0,0,WSLS,"[None, None, None]"
pro6_bde_p3,0.22727272727272727,0.2,0,0,WSLS,"[None, None, None]"
pro6_bde_p3,0.2894736842105263,0.3,0,0,WSLS,"[None, None, None]"
pro6_bde_p3,0.3333333333333333,0.4,0,0,WSLS,"[None, None, None]"
pro6_bde_p3,0.18518518518518517,0.5,0,0,WSLS,"[None, None, None]"
pro6_bde_p3,0.3181818181818182,0.6,0,0,WSLS,"[None, None, None]"
pro6_bde_p3,0.23529411764705882,0.7,0,0,WSLS,"[None, None, None]"
pro6_bde_p3,0.2727272727272727,0.8,0,0,WSLS,"[None, None, None]"
pro6_bde_p3,0.3333333333333333,0.9,0,0,WSLS,"[None, None, None]"
pro7_bde_p3,0.2773722627737226,0.05,0,0,WSLS,"[None, None, None]"
pro7_bde_p3,0.23846153846153847,0.1,0,0,WSLS,"[None, None, None]"
pro7_bde_p3,0.2413793103448276,0.2,0,0,WSLS,"[None, None, None]"
pro7_bde_p3,0.26732673267326734,0.3,0,0,WSLS,"[None, None, None]"
pro7_bde_p3,0.26436781609195403,0.4,0,0,WSLS,"[None, None, None]"
pro7_bde_p3,0.2777777777777778,0.5,0,0,WSLS,"[None, None, None]"
pro7_bde_p3,0.22413793103448276,0.6,0,0,WSLS,"[None, None, None]"
pro7_bde_p3,0.3181818181818182,0.7,0,0,WSLS,"[None, None, None]"
pro7_bde_p3,0.1724137931034483,0.8,0,0,WSLS,"[None, None, None]"
pro7_bde_p3,0.26666666666666666,0.9,0,0,WSLS,"[None, None, None]"
stu12_bdf_p3,0.21008403361344538,0.05,0,0,WSLS,"[None, None, None]"
stu12_bdf_p3,0.21238938053097345,0.1,0,0,WSLS,"[None, None, None]"
stu12_bdf_p3,0.29,0.2,0,0,WSLS,"[None, None, None]"
stu12_bdf_p3,0.19318181818181818,0.3,0,0,WSLS,"[None, None, None]"
stu12_bdf_p3,0.26666666666666666,0.4,0,0,WSLS,"[None, None, None]"
stu12_bdf_p3,0.25396825396825395,0.5,0,0,WSLS,"[None, None, None]"
stu12_bdf_p3,0.2,0.6,0,0,WSLS,"[None, None, None]"
stu12_bdf_p3,0.21052631578947367,0.7,0,0,WSLS,"[None, None, None]"
stu12_bdf_p3,0.24,0.8,0,0,WSLS,"[None, None, None]"
stu12_bdf_p3,0.3076923076923077,0.9,0,0,WSLS,"[None, None, None]"
stu14_bcf_p3,0.28313253012048195,0.05,0,0,WSLS,"[None, None, None]"
stu14_bcf_p3,0.22929936305732485,0.1,0,0,WSLS,"[None, None, None]"
stu14_bcf_p3,0.2642857142857143,0.2,0,0,WSLS,"[None, None, None]"
stu14_bcf_p3,0.23770491803278687,0.3,0,0,WSLS,"[None, None, None]"
stu14_bcf_p3,0.24761904761904763,0.4,0,0,WSLS,"[None, None, None]"
stu14_bcf_p3,0.27586206896551724,0.5,0,0,WSLS,"[None, None, None]"
stu14_bcf_p3,0.2857142857142857,0.6,0,0,WSLS,"[None, None, None]"
stu14_bcf_p3,0.22641509433962265,0.7,0,0,WSLS,"[None, None, None]"
stu14_bcf_p3,0.22857142857142856,0.8,0,0,WSLS,"[None, None, None]"
stu14_bcf_p3,0.2777777777777778,0.9,0,0,WSLS,"[None, None, None]"
stu16_bcf_p3,0.288135593220339,0.05,0,0,WSLS,"[None, None, None]"
stu16_bcf_p3,0.22023809523809523,0.1,0,0,WSLS,"[None, None, None]"
stu16_bcf_p3,0.2684563758389262,0.2,0,0,WSLS,"[None, None, None]"
stu16_bcf_p3,0.16030534351145037,0.3,0,0,WSLS,"[None, None, None]"
stu16_bcf_p3,0.21428571428571427,0.4,0,0,WSLS,"[None, None, None]"
stu16_bcf_p3,0.22580645161290322,0.5,0,0,WSLS,"[None, None, None]"
stu16_bcf_p3,0.26666666666666666,0.6,0,0,WSLS,"[None, None, None]"
stu16_bcf_p3,0.23214285714285715,0.7,0,0,WSLS,"[None, None, None]"
stu16_bcf_p3,0.15789473684210525,0.8,0,0,WSLS,"[None, None, None]"
stu16_bcf_p3,0.2631578947368421,0.9,0,0,WSLS,"[None, None, None]"
stu18_bde_p3,0.24719101123595505,0.05,0,0,WSLS,"[None, None, None]"
stu18_bde_p3,0.2619047619047619,0.1,0,0,WSLS,"[None, None, None]"
stu18_bde_p3,0.16,0.2,0,0,WSLS,"[None, None, None]"
stu18_bde_p3,0.19696969696969696,0.3,0,0,WSLS,"[None, None, None]"
stu18_bde_p3,0.19642857142857142,0.4,0,0,WSLS,"[None, None, None]"
stu18_bde_p3,0.2553191489361702,0.5,0,0,WSLS,"[None, None, None]"
stu18_bde_p3,0.2631578947368421,0.6,0,0,WSLS,"[None, None, None]"
stu18_bde_p3,0.21428571428571427,0.7,0,0,WSLS,"[None, None, None]"
stu18_bde_p3,0.3157894736842105,0.8,0,0,WSLS,"[None, None, None]"
stu18_bde_p3,0.0,0.9,0,0,WSLS,"[None, None, None]"
stu19_bde_p3,0.24489795918367346,0.05,0,0,WSLS,"[None, None, None]"
stu19_bde_p3,0.21739130434782608,0.1,0,0,WSLS,"[None, None, None]"
stu19_bde_p3,0.2682926829268293,0.2,0,0,WSLS,"[None, None, None]"
stu19_bde_p3,0.25,0.3,0,0,WSLS,"[None, None, None]"
stu19_bde_p3,0.22580645161290322,0.4,0,0,WSLS,"[None, None, None]"
stu19_bde_p3,0.23076923076923078,0.5,0,0,WSLS,"[None, None, None]"
stu19_bde_p3,0.23809523809523808,0.6,0,0,WSLS,"[None, None, None]"
stu19_bde_p3,0.1875,0.7,0,0,WSLS,"[None, None, None]"
stu19_bde_p3,0.2727272727272727,0.8,0,0,WSLS,"[None, None, None]"
stu19_bde_p3,0.3333333333333333,0.9,0,0,WSLS,"[None, None, None]"
stu1_bce_p3,0.2679738562091503,0.05,0,0,WSLS,"[None, None, None]"
stu1_bce_p3,0.22758620689655173,0.1,0,0,WSLS,"[None, None, None]"
stu1_bce_p3,0.1937984496124031,0.2,0,0,WSLS,"[None, None, None]"
stu1_bce_p3,0.23008849557522124,0.3,0,0,WSLS,"[None, None, None]"
stu1_bce_p3,0.25773195876288657,0.4,0,0,WSLS,"[None, None, None]"
stu1_bce_p3,0.25925925925925924,0.5,0,0,WSLS,"[None, None, None]"
stu1_bce_p3,0.27692307692307694,0.6,0,0,WSLS,"[None, None, None]"
stu1_bce_p3,0.12244897959183673,0.7,0,0,WSLS,"[None, None, None]"
stu1_bce_p3,0.42424242424242425,0.8,0,0,WSLS,"[None, None, None]"
stu1_bce_p3,0.23529411764705882,0.9,0,0,WSLS,"[None, None, None]"
stu20_bdf_p3,0.2692307692307692,0.05,0,0,WSLS,"[None, None, None]"
stu20_bdf_p3,0.30612244897959184,0.1,0,0,WSLS,"[None, None, None]"
stu20_bdf_p3,0.3181818181818182,0.2,0,0,WSLS,"[None, None, None]"
stu20_bdf_p3,0.10526315789473684,0.3,0,0,WSLS,"[None, None, None]"
stu20_bdf_p3,0.24242424242424243,0.4,0,0,WSLS,"[None, None, None]"
stu20_bdf_p3,0.14814814814814814,0.5,0,0,WSLS,"[None, None, None]"
stu20_bdf_p3,0.2727272727272727,0.6,0,0,WSLS,"[None, None, None]"
stu20_bdf_p3,0.17647058823529413,0.7,0,0,WSLS,"[None, None, None]"
stu20_bdf_p3,0.18181818181818182,0.8,0,0,WSLS,"[None, None, None]"
stu20_bdf_p3,0.3333333333333333,0.9,0,0,WSLS,"[None, None, None]"
stu22_bde_p3,0.25742574257425743,0.05,0,0,WSLS,"[None, None, None]"
stu22_bde_p3,0.225130890052356,0.1,0,0,WSLS,"[None, None, None]"
stu22_bde_p3,0.2529411764705882,0.2,0,0,WSLS,"[None, None, None]"
stu22_bde_p3,0.24161073825503357,0.3,0,0,WSLS,"[None, None, None]"
stu22_bde_p3,0.203125,0.4,0,0,WSLS,"[None, None, None]"
stu22_bde_p3,0.19811320754716982,0.5,0,0,WSLS,"[None, None, None]"
stu22_bde_p3,0.2823529411764706,0.6,0,0,WSLS,"[None, None, None]"
stu22_bde_p3,0.171875,0.7,0,0,WSLS,"[None, None, None]"
stu22_bde_p3,0.13953488372093023,0.8,0,0,WSLS,"[None, None, None]"
stu22_bde_p3,0.3181818181818182,0.9,0,0,WSLS,"[None, None, None]"
stu23_bdf_p3,0.29213483146067415,0.05,0,0,WSLS,"[None, None, None]"
stu23_bdf_p3,0.2261904761904762,0.1,0,0,WSLS,"[None, None, None]"
stu23_bdf_p3,0.26666666666666666,0.2,0,0,WSLS,"[None, None, None]"
stu23_bdf_p3,0.2878787878787879,0.3,0,0,WSLS,"[None, None, None]"
stu23_bdf_p3,0.26785714285714285,0.4,0,0,WSLS,"[None, None, None]"
stu23_bdf_p3,0.3191489361702128,0.5,0,0,WSLS,"[None, None, None]"
stu23_bdf_p3,0.2894736842105263,0.6,0,0,WSLS,"[None, None, None]"
stu23_bdf_p3,0.21428571428571427,0.7,0,0,WSLS,"[None, None, None]"
stu23_bdf_p3,0.3684210526315789,0.8,0,0,WSLS,"[None, None, None]"
stu23_bdf_p3,0.2,0.9,0,0,WSLS,"[None, None, None]"
stu27_bdf_p3,0.22072072072072071,0.05,0,0,WSLS,"[None, None, None]"
stu27_bdf_p3,0.25415676959619954,0.1,0,0,WSLS,"[None, None, None]"
stu27_bdf_p3,0.22459893048128343,0.2,0,0,WSLS,"[None, None, None]"
stu27_bdf_p3,0.24464831804281345,0.3,0,0,WSLS,"[None, None, None]"
stu27_bdf_p3,0.21708185053380782,0.4,0,0,WSLS,"[None, None, None]"
stu27_bdf_p3,0.2264957264957265,0.5,0,0,WSLS,"[None, None, None]"
stu27_bdf_p3,0.24598930481283424,0.6,0,0,WSLS,"[None, None, None]"
stu27_bdf_p3,0.24822695035460993,0.7,0,0,WSLS,"[None, None, None]"
stu27_bdf_p3,0.2127659574468085,0.8,0,0,WSLS,"[None, None, None]"
stu27_bdf_p3,0.2978723404255319,0.9,0,0,WSLS,"[None, None, None]"
stu28_bde_p3,0.23841059602649006,0.05,0,0,WSLS,"[None, None, None]"
stu28_bde_p3,0.25874125874125875,0.1,0,0,WSLS,"[None, None, None]"
stu28_bde_p3,0.2125984251968504,0.2,0,0,WSLS,"[None, None, None]"
stu28_bde_p3,0.22522522522522523,0.3,0,0,WSLS,"[None, None, None]"
stu28_bde_p3,0.29473684210526313,0.4,0,0,WSLS,"[None, None, None]"
stu28_bde_p3,0.26582278481012656,0.5,0,0,WSLS,"[None, None, None]"
stu28_bde_p3,0.234375,0.6,0,0,WSLS,"[None, None, None]"
stu28_bde_p3,0.20833333333333334,0.7,0,0,WSLS,"[None, None, None]"
stu28_bde_p3,0.25,0.8,0,0,WSLS,"[None, None, None]"
stu28_bde_p3,0.4375,0.9,0,0,WSLS,"[None, None, None]"
stu2_bce_p3,0.20202020202020202,0.05,0,0,WSLS,"[None, None, None]"
stu2_bce_p3,0.2127659574468085,0.1,0,0,WSLS,"[None, None, None]"
stu2_bce_p3,0.23809523809523808,0.2,0,0,WSLS,"[None, None, None]"
stu2_bce_p3,0.3013698630136986,0.3,0,0,WSLS,"[None, None, None]"
stu2_bce_p3,0.19047619047619047,0.4,0,0,WSLS,"[None, None, None]"
stu2_bce_p3,0.25,0.5,0,0,WSLS,"[None, None, None]"
stu2_bce_p3,0.2619047619047619,0.6,0,0,WSLS,"[None, None, None]"
stu2_bce_p3,0.375,0.7,0,0,WSLS,"[None, None, None]"
stu2_bce_p3,0.2857142857142857,0.8,0,0,WSLS,"[None, None, None]"
stu2_bce_p3,0.2727272727272727,0.9,0,0,WSLS,"[None, None, None]"
stu32_bce_p3,0.2583732057416268,0.05,0,0,WSLS,"[None, None, None]"
stu32_bce_p3,0.23737373737373738,0.1,0,0,WSLS,"[None, None, None]"
stu32_bce_p3,0.2215909090909091,0.2,0,0,WSLS,"[None, None, None]"
stu32_bce_p3,0.2662337662337662,0.3,0,0,WSLS,"[None, None, None]"
stu32_bce_p3,0.2878787878787879,0.4,0,0,WSLS,"[None, None, None]"
stu32_bce_p3,0.22727272727272727,0.5,0,0,WSLS,"[None, None, None]"
stu32_bce_p3,0.2840909090909091,0.6,0,0,WSLS,"[None, None, None]"
stu32_bce_p3,0.30303030303030304,0.7,0,0,WSLS,"[None, None, None]"
stu32_bce_p3,0.20454545454545456,0.8,0,0,WSLS,"[None, None, None]"
stu32_bce_p3,0.22727272727272727,0.9,0,0,WSLS,"[None, None, None]"
stu33_bce_p3,0.2891566265060241,0.05,0,0,WSLS,"[None, None, None]"
stu33_bce_p3,0.22784810126582278,0.1,0,0,WSLS,"[None, None, None]"
stu33_bce_p3,0.2571428571428571,0.2,0,0,WSLS,"[None, None, None]"
stu33_bce_p3,0.3114754098360656,0.3,0,0,WSLS,"[None, None, None]"
stu33_bce_p3,0.18867924528301888,0.4,0,0,WSLS,"[None, None, None]"
stu33_bce_p3,0.3409090909090909,0.5,0,0,WSLS,"[None, None, None]"
stu33_bce_p3,0.22857142857142856,0.6,0,0,WSLS,"[None, None, None]"
stu33_bce_p3,0.14814814814814814,0.7,0,0,WSLS,"[None, None, None]"
stu33_bce_p3,0.2222222222222222,0.8,0,0,WSLS,"[None, None, None]"
stu33_bce_p3,0.1111111111111111,0.9,0,0,WSLS,"[None, None, None]"
stu34_bcf_p3,0.2631578947368421,0.05,0,0,WSLS,"[None, None, None]"
stu34_bcf_p3,0.2361111111111111,0.1,0,0,WSLS,"[None, None, None]"
stu34_bcf_p3,0.2578125,0.2,0,0,WSLS,"[None, None, None]"
stu34_bcf_p3,0.23214285714285715,0.3,0,0,WSLS,"[None, None, None]"
stu34_bcf_p3,0.23958333333333334,0.4,0,0,WSLS,"[None, None, None]"
stu34_bcf_p3,0.175,0.5,0,0,WSLS,"[None, None, None]"
stu34_bcf_p3,0.21875,0.6,0,0,WSLS,"[None, None, None]"
stu34_bcf_p3,0.20833333333333334,0.7,0,0,WSLS,"[None, None, None]"
stu34_bcf_p3,0.125,0.8,0,0,WSLS,"[None, None, None]"
stu34_bcf_p3,0.1875,0.9,0,0,WSLS,"[None, None, None]"
stu35_bde_p3,0.21739130434782608,0.05,0,0,WSLS,"[None, None, None]"
stu35_bde_p3,0.25,0.1,0,0,WSLS,"[None, None, None]"
stu35_bde_p3,0.3333333333333333,0.2,0,0,WSLS,"[None, None, None]"
stu35_bde_p3,0.17647058823529413,0.3,0,0,WSLS,"[None, None, None]"
stu35_bde_p3,0.13793103448275862,0.4,0,0,WSLS,"[None, None, None]"
stu35_bde_p3,0.2916666666666667,0.5,0,0,WSLS,"[None, None, None]"
stu35_bde_p3,0.2,0.6,0,0,WSLS,"[None, None, None]"
stu35_bde_p3,0.13333333333333333,0.7,0,0,WSLS,"[None, None, None]"
stu35_bde_p3,0.1,0.8,0,0,WSLS,"[None, None, None]"
stu35_bde_p3,0.0,0.9,0,0,WSLS,"[None, None, None]"
stu40_bdf_p3,0.2346368715083799,0.05,0,0,WSLS,"[None, None, None]"
stu40_bdf_p3,0.22941176470588234,0.1,0,0,WSLS,"[None, None, None]"
stu40_bdf_p3,0.2582781456953642,0.2,0,0,WSLS,"[None, None, None]"
stu40_bdf_p3,0.22727272727272727,0.3,0,0,WSLS,"[None, None, None]"
stu40_bdf_p3,0.26548672566371684,0.4,0,0,WSLS,"[None, None, None]"
stu40_bdf_p3,0.24468085106382978,0.5,0,0,WSLS,"[None, None, None]"
stu40_bdf_p3,0.17105263157894737,0.6,0,0,WSLS,"[None, None, None]"
stu40_bdf_p3,0.21052631578947367,0.7,0,0,WSLS,"[None, None, None]"
stu40_bdf_p3,0.21052631578947367,0.8,0,0,WSLS,"[None, None, None]"
stu40_bdf_p3,0.3157894736842105,0.9,0,0,WSLS,"[None, None, None]"
stu5_bcf_p3,0.31137724550898205,0.05,0,0,WSLS,"[None, None, None]"
stu5_bcf_p3,0.21518987341772153,0.1,0,0,WSLS,"[None, None, None]"
stu5_bcf_p3,0.2857142857142857,0.2,0,0,WSLS,"[None, None, None]"
stu5_bcf_p3,0.23577235772357724,0.3,0,0,WSLS,"[None, None, None]"
stu5_bcf_p3,0.2761904761904762,0.4,0,0,WSLS,"[None, None, None]"
stu5_bcf_p3,0.3068181818181818,0.5,0,0,WSLS,"[None, None, None]"
stu5_bcf_p3,0.21428571428571427,0.6,0,0,WSLS,"[None, None, None]"
stu5_bcf_p3,0.24528301886792453,0.7,0,0,WSLS,"[None, None, None]"
stu5_bcf_p3,0.17142857142857143,0.8,0,0,WSLS,"[None, None, None]"
stu5_bcf_p3,0.2777777777777778,0.9,0,0,WSLS,"[None, None, None]"
stu8_bce_p3,0.2727272727272727,0.05,0,0,WSLS,"[None, None, None]"
stu8_bce_p3,0.19130434782608696,0.1,0,0,WSLS,"[None, None, None]"
stu8_bce_p3,0.14705882352941177,0.2,0,0,WSLS,"[None, None, None]"
stu8_bce_p3,0.20224719101123595,0.3,0,0,WSLS,"[None, None, None]"
stu8_bce_p3,0.18181818181818182,0.4,0,0,WSLS,"[None, None, None]"
stu8_bce_p3,0.203125,0.5,0,0,WSLS,"[None, None, None]"
stu8_bce_p3,0.19607843137254902,0.6,0,0,WSLS,"[None, None, None]"
stu8_bce_p3,0.3333333333333333,0.7,0,0,WSLS,"[None, None, None]"
stu8_bce_p3,0.19230769230769232,0.8,0,0,WSLS,"[None, None, None]"
stu8_bce_p3,0.15384615384615385,0.9,0,0,WSLS,"[None, None, None]"
stu9_bcf_p3,0.22485207100591717,0.05,0,0,WSLS,"[None, None, None]"
stu9_bcf_p3,0.2375,0.1,0,0,WSLS,"[None, None, None]"
stu9_bcf_p3,0.2535211267605634,0.2,0,0,WSLS,"[None, None, None]"
stu9_bcf_p3,0.25,0.3,0,0,WSLS,"[None, None, None]"
stu9_bcf_p3,0.21495327102803738,0.4,0,0,WSLS,"[None, None, None]"
stu9_bcf_p3,0.25842696629213485,0.5,0,0,WSLS,"[None, None, None]"
stu9_bcf_p3,0.22535211267605634,0.6,0,0,WSLS,"[None, None, None]"
stu9_bcf_p3,0.3148148148148148,0.7,0,0,WSLS,"[None, None, None]"
stu9_bcf_p3,0.2222222222222222,0.8,0,0,WSLS,"[None, None, None]"
stu9_bcf_p3,0.2222222222222222,0.9,0,0,WSLS,"[None, None, None]"
