UserIndex,Action,State,TimeStamp,HighLevelStateActionProbab,StateActionProbab,IdleTime,Reward,Subtask_Screenshot_Time,Subtask_Idle_Time,ZoomLevel,NDSI,Subtask_Zoom,Subtask_ROI,Latitude,Longitude,All_address,All_raw_address,Most_frequent_state,Most_frequent_region,Angle,high-level-action
0,start,Foraging,2016-06-08 17:29:55.846,0.6666666666666666,0.4,0.0,0,1,1,0,0.169186,1,1,34.103049999999996,-98.6128,"['None', 'Other', 'None', 'Other', 'None', 'Other', 'None', 'Other']","[[15.2153, -132.053], [52.9908, -65.1726], [15.2153, -132.053], [52.9908, -65.1726], [15.2153, -132.053], [52.9908, -65.1726], [15.2153, -132.053], [52.9908, -65.1726]]",None,None,0.0,change
1,pan,Foraging,2016-06-08 17:30:39.633,0.5,0.3333333333333333,43.787,0,1,1,0,0.0,1,1,34.103049999999996,-98.6128,"['None', 'Other', 'None', 'Other', 'None', 'Other', 'None', 'Other']","[[15.2153, -132.053], [52.9908, -65.1726], [15.2153, -132.053], [52.9908, -65.1726], [15.2153, -132.053], [52.9908, -65.1726], [15.2153, -132.053], [52.9908, -65.1726]]",None,None,355.196109930808,same
2,zoom,Navigation,2016-06-08 17:30:41.500,0.6666666666666666,0.4,1.867,0,1,1,1,0.626178375,1,1,32.654175,-94.1993125,"['None', 'South', 'Other', 'None', 'None', 'NorthernRockiesPlains', 'South', 'Other']","[[18.1367, -107.299], [30.3858, -97.2569], [15.1746, -86.0958], [30.4655, -77.7951], [30.5427, -132.053], [52.9945, -94.0237], [30.5342, -93.9559], [52.9994, -65.1151]]",None,None,0.0,change
3,zoom,Navigation,2016-06-08 17:30:42.173,0.5,0.5,0.673,0,1,1,2,0.618309125,1,1,41.7611625,-93.7680375,"['None', 'UpperMidwest', 'South', 'Northeast', 'West', 'NorthernRockiesPlains', 'UpperMidwest', 'Northeast']","[[30.5427, -116.467], [41.7484, -95.2126], [30.5342, -90.8979], [41.7187, -71.5601], [41.761, -116.496], [52.9945, -94.0237], [41.7904, -93.9831], [52.9994, -71.5039]]",Iowa,UpperMidwest,0.0,same
4,pan,Navigation,2016-06-08 17:30:43.066,0.6,0.2857142857142857,0.893,0,1,1,2,0.0,1,1,47.3949,-82.7435,"['UpperMidwest', 'Northeast', 'UpperMidwest', 'Northeast', 'UpperMidwest', 'Northeast', 'UpperMidwest', 'Northeast']","[[41.7904, -93.9831], [52.9994, -71.5039], [41.7904, -93.9831], [52.9994, -71.5039], [41.7904, -93.9831], [52.9994, -71.5039], [41.7904, -93.9831], [52.9994, -71.5039]]",Iowa,UpperMidwest,351.2857966178796,same
5,pan,Navigation,2016-06-08 17:30:44.116,0.6666666666666666,0.375,1.05,0,1,1,2,0.0,1,1,47.3949,-82.7435,"['UpperMidwest', 'Northeast', 'UpperMidwest', 'Northeast', 'UpperMidwest', 'Northeast', 'UpperMidwest', 'Northeast']","[[41.7904, -93.9831], [52.9994, -71.5039], [41.7904, -93.9831], [52.9994, -71.5039], [41.7904, -93.9831], [52.9994, -71.5039], [41.7904, -93.9831], [52.9994, -71.5039]]",Iowa,UpperMidwest,343.59555846572977,same
6,zoom,Navigation,2016-06-08 17:30:46.564,0.7142857142857143,0.4444444444444444,2.448,0,1,1,3,0.6367393749999999,1,1,41.83425,-99.685,"['South', 'NorthernRockiesPlains', 'South', 'UpperMidwest', 'SouthWest', 'NorthernRockiesPlains', 'NorthernRockiesPlains', 'NorthernRockiesPlains']","[[35.0085, -111.96], [41.7484, -98.5357], [35.6837, -98.4657], [41.7401, -90.8979], [41.7504, -111.985], [48.49, -98.502], [41.7644, -98.4982], [48.4885, -88.6355]]",Nebraska,NorthernRockiesPlains,0.0,same
7,zoom,Navigation,2016-06-08 17:30:47.229,0.75,0.5,0.665,0,1,1,4,0.630823,1,1,41.8963875,-98.8942,"['SouthWest', 'NorthernRockiesPlains', 'South', 'UpperMidwest', 'NorthernRockiesPlains', 'NorthernRockiesPlains', 'NorthernRockiesPlains', 'UpperMidwest']","[[38.3755, -105.001], [41.7499, -98.5189], [39.5587, -98.4872], [41.7471, -95.1461], [41.7504, -105.244], [45.1093, -98.502], [41.7565, -98.4982], [45.1237, -91.7562]]",Nebraska,NorthernRockiesPlains,0.0,same
8,zoom,Navigation,2016-06-08 17:30:47.837,0.7777777777777778,0.5454545454545454,0.608,0,1,1,5,0.632855375,2,1,41.856624999999994,-98.28468749999999,"['NorthernRockiesPlains', 'NorthernRockiesPlains', 'NorthernRockiesPlains', 'UpperMidwest', 'NorthernRockiesPlains', 'NorthernRockiesPlains', 'NorthernRockiesPlains', 'UpperMidwest']","[[40.2717, -100.81], [41.8387, -98.3941], [40.1595, -98.3847], [41.8396, -95.1161], [41.8411, -101.771], [43.5311, -98.3933], [41.8401, -98.3884], [43.5312, -95.0199]]",Nebraska,NorthernRockiesPlains,0.0,same
9,pan,Sensemaking,2016-06-08 17:30:49.840,0.6666666666666666,0.4,2.003,0,1,1,5,0.319222625,2,1,44.37205,-97.530025,"['NorthernRockiesPlains', 'NorthernRockiesPlains', 'NorthernRockiesPlains', 'UpperMidwest', 'NorthernRockiesPlains', 'UpperMidwest', 'NorthernRockiesPlains', 'UpperMidwest']","[[43.5325, -101.632], [45.1855, -98.3941], [43.5328, -98.3916], [45.22, -95.0131], [43.5328, -98.3916], [45.22, -95.0131], [43.5328, -98.3916], [45.22, -95.0131]]",South Dakota,NorthernRockiesPlains,2.3649580752833574,change
10,pan,Sensemaking,2016-06-08 17:30:52.343,0.5,0.5,2.503,0,1,1,5,0.0,2,1,44.376400000000004,-96.70235,"['NorthernRockiesPlains', 'UpperMidwest', 'NorthernRockiesPlains', 'UpperMidwest', 'NorthernRockiesPlains', 'UpperMidwest', 'NorthernRockiesPlains', 'UpperMidwest']","[[43.5328, -98.3916], [45.22, -95.0131], [43.5328, -98.3916], [45.22, -95.0131], [43.5328, -98.3916], [45.22, -95.0131], [43.5328, -98.3916], [45.22, -95.0131]]",South Dakota,NorthernRockiesPlains,357.30147256965466,same
11,pan,Sensemaking,2016-06-08 17:31:12.763,0.6,0.5714285714285714,20.42,0,1,1,5,0.0,2,1,44.376400000000004,-96.70235,"['NorthernRockiesPlains', 'UpperMidwest', 'NorthernRockiesPlains', 'UpperMidwest', 'NorthernRockiesPlains', 'UpperMidwest', 'NorthernRockiesPlains', 'UpperMidwest']","[[43.5328, -98.3916], [45.22, -95.0131], [43.5328, -98.3916], [45.22, -95.0131], [43.5328, -98.3916], [45.22, -95.0131], [43.5328, -98.3916], [45.22, -95.0131]]",South Dakota,NorthernRockiesPlains,359.46827549083116,same
12,zoom,Navigation,2016-06-08 17:31:21.580,0.3,0.5833333333333334,8.817,0,1,2,4,0.630823,2,2,41.8963875,-98.8942,"['SouthWest', 'NorthernRockiesPlains', 'South', 'UpperMidwest', 'NorthernRockiesPlains', 'NorthernRockiesPlains', 'NorthernRockiesPlains', 'UpperMidwest']","[[38.3755, -105.001], [41.7499, -98.5189], [39.5587, -98.4872], [41.7471, -95.1461], [41.7504, -105.244], [45.1093, -98.502], [41.7565, -98.4982], [45.1237, -91.7562]]",Nebraska,NorthernRockiesPlains,0.0,change
13,pan,Navigation,2016-06-08 17:31:29.912,0.7272727272727273,0.3076923076923077,8.332,0,1,2,4,0.3109345,2,2,46.7971625,-96.84133750000001,"['NorthernRockiesPlains', 'NorthernRockiesPlains', 'NorthernRockiesPlains', 'NorthernRockiesPlains', 'NorthernRockiesPlains', 'NorthernRockiesPlains', 'NorthernRockiesPlains', 'NorthernRockiesPlains']","[[45.1276, -105.248], [48.4992, -98.8713], [45.1255, -98.4456], [48.458, -91.7582], [45.1255, -98.4456], [48.458, -91.7582], [45.1255, -98.4456], [48.458, -91.7582]]",South Dakota,NorthernRockiesPlains,11.410695173243449,same
14,pan,Navigation,2016-06-08 17:31:37.672,0.75,0.35714285714285715,7.76,0,1,2,4,0.3161125,2,2,45.965175,-108.61987500000001,"['SouthWest', 'NorthernRockiesPlains', 'NorthernRockiesPlains', 'NorthernRockiesPlains', 'NorthernRockiesPlains', 'NorthernRockiesPlains', 'NorthernRockiesPlains', 'NorthernRockiesPlains']","[[41.75, -111.985], [45.124, -105.26], [45.1258, -111.985], [48.49, -105.253], [45.1258, -111.985], [48.49, -105.253], [45.1258, -111.985], [48.49, -105.253]]",Montana,NorthernRockiesPlains,2.0662193928051984,same
15,zoom,Navigation,2016-06-08 17:31:39.015,0.7692307692307693,0.5333333333333333,1.343,0,1,2,3,0.6367393749999999,2,2,41.83425,-99.685,"['South', 'NorthernRockiesPlains', 'South', 'UpperMidwest', 'SouthWest', 'NorthernRockiesPlains', 'NorthernRockiesPlains', 'NorthernRockiesPlains']","[[35.0085, -111.96], [41.7484, -98.5357], [35.6837, -98.4657], [41.7401, -90.8979], [41.7504, -111.985], [48.49, -98.502], [41.7644, -98.4982], [48.4885, -88.6355]]",Nebraska,NorthernRockiesPlains,0.0,same
16,pan,Navigation,2016-06-08 17:31:40.585,0.7857142857142857,0.375,1.57,0,1,2,3,0.0,2,2,45.126450000000006,-93.56684999999999,"['NorthernRockiesPlains', 'NorthernRockiesPlains', 'NorthernRockiesPlains', 'NorthernRockiesPlains', 'NorthernRockiesPlains', 'NorthernRockiesPlains', 'NorthernRockiesPlains', 'NorthernRockiesPlains']","[[41.7644, -98.4982], [48.4885, -88.6355], [41.7644, -98.4982], [48.4885, -88.6355], [41.7644, -98.4982], [48.4885, -88.6355], [41.7644, -98.4982], [48.4885, -88.6355]]",Nebraska,NorthernRockiesPlains,353.72796578399664,same
17,pan,Navigation,2016-06-08 17:31:41.582,0.8,0.4117647058823529,0.997,0,1,2,3,0.308401875,2,2,50.55907499999999,-96.5408125,"['NorthernRockiesPlains', 'NorthernRockiesPlains', 'NorthernRockiesPlains', 'NorthernRockiesPlains', 'NorthernRockiesPlains', 'NorthernRockiesPlains', 'NorthernRockiesPlains', 'NorthernRockiesPlains']","[[48.5, -111.989], [52.9963, -98.5314], [48.5025, -98.4653], [52.4896, -88.8034], [48.5025, -98.4653], [52.4896, -88.8034], [48.5025, -98.4653], [52.4896, -88.8034]]",North Dakota,NorthernRockiesPlains,346.0941982382733,same
18,zoom,Navigation,2016-06-08 17:31:43.127,0.8125,0.5,1.545,0,1,2,2,0.618309125,2,2,41.7611625,-93.7680375,"['None', 'UpperMidwest', 'South', 'Northeast', 'West', 'NorthernRockiesPlains', 'UpperMidwest', 'Northeast']","[[30.5427, -116.467], [41.7484, -95.2126], [30.5342, -90.8979], [41.7187, -71.5601], [41.761, -116.496], [52.9945, -94.0237], [41.7904, -93.9831], [52.9994, -71.5039]]",Iowa,UpperMidwest,0.0,same
19,zoom,Navigation,2016-06-08 17:31:43.761,0.8235294117647058,0.5263157894736842,0.634,0,1,2,1,0.32996662499999996,2,2,41.767250000000004,-87.9112125,"['None', 'NorthernRockiesPlains', 'South', 'Other', 'South', 'Other', 'South', 'Other']","[[30.5427, -132.053], [52.9945, -94.0237], [30.5342, -93.9559], [52.9994, -65.1151], [30.5342, -93.9559], [52.9994, -65.1151], [30.5342, -93.9559], [52.9994, -65.1151]]",Texas,South,0.0,same
20,pan,Foraging,2016-06-08 17:31:45.742,0.6,0.42857142857142855,1.981,0,1,2,1,0.29621175,2,2,23.180349999999997,-87.02857499999999,"['None', 'South', 'Other', 'None', 'Other', 'None', 'Other', 'None']","[[18.1367, -107.299], [30.3858, -97.2569], [15.1746, -86.0958], [30.4655, -77.7951], [15.1746, -86.0958], [30.4655, -77.7951], [15.1746, -86.0958], [30.4655, -77.7951]]",None,None,26.33319155760971,change
21,pan,Foraging,2016-06-08 17:31:46.785,0.5,0.5,1.043,0,1,2,1,0.0,2,2,22.82005,-81.94545,"['Other', 'None', 'Other', 'None', 'Other', 'None', 'Other', 'None']","[[15.1746, -86.0958], [30.4655, -77.7951], [15.1746, -86.0958], [30.4655, -77.7951], [15.1746, -86.0958], [30.4655, -77.7951], [15.1746, -86.0958], [30.4655, -77.7951]]",Olancho,Other,343.96448887154486,same
22,pan,Foraging,2016-06-08 17:31:48.022,0.5714285714285714,0.5555555555555556,1.237,0,1,2,1,0.0,2,2,22.82005,-81.94545,"['Other', 'None', 'Other', 'None', 'Other', 'None', 'Other', 'None']","[[15.1746, -86.0958], [30.4655, -77.7951], [15.1746, -86.0958], [30.4655, -77.7951], [15.1746, -86.0958], [30.4655, -77.7951], [15.1746, -86.0958], [30.4655, -77.7951]]",Olancho,Other,333.6582706603021,same
23,pan,Foraging,2016-06-08 17:31:49.130,0.625,0.6,1.108,0,1,2,1,0.0,2,2,22.82005,-81.94545,"['Other', 'None', 'Other', 'None', 'Other', 'None', 'Other', 'None']","[[15.1746, -86.0958], [30.4655, -77.7951], [15.1746, -86.0958], [30.4655, -77.7951], [15.1746, -86.0958], [30.4655, -77.7951], [15.1746, -86.0958], [30.4655, -77.7951]]",Olancho,Other,350.2267722988848,same
24,pan,Foraging,2016-06-08 17:31:50.994,0.6666666666666666,0.4,1.864,0,1,2,1,0.0,2,2,22.82005,-81.94545,"['Other', 'None', 'Other', 'None', 'Other', 'None', 'Other', 'None']","[[15.1746, -86.0958], [30.4655, -77.7951], [15.1746, -86.0958], [30.4655, -77.7951], [15.1746, -86.0958], [30.4655, -77.7951], [15.1746, -86.0958], [30.4655, -77.7951]]",Olancho,Other,0.0,change
25,zoom,Foraging,2016-06-08 17:31:51.519,0.4444444444444444,0.18181818181818182,0.525,0,1,2,2,0.618309125,2,2,41.7611625,-93.7680375,"['None', 'UpperMidwest', 'South', 'Northeast', 'West', 'NorthernRockiesPlains', 'UpperMidwest', 'Northeast']","[[30.5427, -116.467], [41.7484, -95.2126], [30.5342, -90.8979], [41.7187, -71.5601], [41.761, -116.496], [52.9945, -94.0237], [41.7904, -93.9831], [52.9994, -71.5039]]",Iowa,UpperMidwest,0.0,change
26,pan,Foraging,2016-06-08 17:31:52.345,0.6,0.5833333333333334,0.826,0,1,2,2,0.0,2,2,47.3949,-82.7435,"['UpperMidwest', 'Northeast', 'UpperMidwest', 'Northeast', 'UpperMidwest', 'Northeast', 'UpperMidwest', 'Northeast']","[[41.7904, -93.9831], [52.9994, -71.5039], [41.7904, -93.9831], [52.9994, -71.5039], [41.7904, -93.9831], [52.9994, -71.5039], [41.7904, -93.9831], [52.9994, -71.5039]]",Iowa,UpperMidwest,356.5313355875505,same
27,pan,Foraging,2016-06-08 17:31:53.182,0.6363636363636364,0.6153846153846154,0.837,0,1,2,2,0.28786587500000005,2,2,44.5803875,-68.980325,"['Northeast', 'Northeast', 'Northeast', 'Northeast', 'Northeast', 'Northeast', 'Northeast', 'Northeast']","[[41.3786, -71.4974], [41.7272, -70.6166], [41.7966, -71.4782], [49.3825, -65.098], [41.7966, -71.4782], [49.3825, -65.098], [41.7966, -71.4782], [49.3825, -65.098]]",Rhode Island,Northeast,340.4710533434178,same
28,pan,Foraging,2016-06-08 17:31:56.171,0.6666666666666666,0.6428571428571429,2.989,0,1,2,2,0.0,2,2,45.58955,-68.2881,"['Northeast', 'Northeast', 'Northeast', 'Northeast', 'Northeast', 'Northeast', 'Northeast', 'Northeast']","[[41.7966, -71.4782], [49.3825, -65.098], [41.7966, -71.4782], [49.3825, -65.098], [41.7966, -71.4782], [49.3825, -65.098], [41.7966, -71.4782], [49.3825, -65.098]]",Rhode Island,Northeast,356.11510210424615,same
29,zoom,Foraging,2016-06-08 17:31:57.207,0.6923076923076923,0.2,1.036,0,1,2,1,0.32996662499999996,2,2,41.767250000000004,-87.9112125,"['None', 'NorthernRockiesPlains', 'South', 'Other', 'South', 'Other', 'South', 'Other']","[[30.5427, -132.053], [52.9945, -94.0237], [30.5342, -93.9559], [52.9994, -65.1151], [30.5342, -93.9559], [52.9994, -65.1151], [30.5342, -93.9559], [52.9994, -65.1151]]",Texas,South,0.0,same
30,pan,Foraging,2016-06-08 17:31:58.036,0.7142857142857143,0.625,0.829,0,1,2,1,0.0,2,2,41.7668,-79.5355,"['South', 'Other', 'South', 'Other', 'South', 'Other', 'South', 'Other']","[[30.5342, -93.9559], [52.9994, -65.1151], [30.5342, -93.9559], [52.9994, -65.1151], [30.5342, -93.9559], [52.9994, -65.1151], [30.5342, -93.9559], [52.9994, -65.1151]]",Texas,South,19.277733986494635,same
31,pan,Foraging,2016-06-08 17:31:59.021,0.7333333333333333,0.6470588235294118,0.985,0,1,2,1,0.0,2,2,41.7668,-79.5355,"['South', 'Other', 'South', 'Other', 'South', 'Other', 'South', 'Other']","[[30.5342, -93.9559], [52.9994, -65.1151], [30.5342, -93.9559], [52.9994, -65.1151], [30.5342, -93.9559], [52.9994, -65.1151], [30.5342, -93.9559], [52.9994, -65.1151]]",Texas,South,23.81679118433171,same
32,zoom,Navigation,2016-06-08 17:32:01.805,0.2222222222222222,0.55,2.784,0,1,2,2,0.651013625,2,2,42.36835000000001,-113.94953749999999,"['None', 'West', 'None', 'UpperMidwest', 'None', 'Other', 'West', 'NorthernRockiesPlains']","[[35.4656, -124.134], [41.6637, -116.597], [30.5427, -116.467], [41.7484, -95.2126], [41.7792, -132.156], [52.9917, -116.51], [41.761, -116.496], [52.9945, -94.0237]]",None,None,0.0,change
33,pan,Navigation,2016-06-08 17:32:03.318,0.7894736842105263,0.38095238095238093,1.513,0,1,2,2,0.29083649999999994,2,2,44.5777875,-82.364875,"['South', 'Northeast', 'UpperMidwest', 'Northeast', 'UpperMidwest', 'Northeast', 'UpperMidwest', 'Northeast']","[[30.5342, -90.8979], [41.7187, -71.5601], [41.7904, -93.9831], [52.9994, -71.5039], [41.7904, -93.9831], [52.9994, -71.5039], [41.7904, -93.9831], [52.9994, -71.5039]]",Iowa,Northeast,357.059593898257,same
34,pan,Navigation,2016-06-08 17:32:04.348,0.75,0.5,1.03,0,1,2,2,0.0,2,2,47.3949,-82.7435,"['UpperMidwest', 'Northeast', 'UpperMidwest', 'Northeast', 'UpperMidwest', 'Northeast', 'UpperMidwest', 'Northeast']","[[41.7904, -93.9831], [52.9994, -71.5039], [41.7904, -93.9831], [52.9994, -71.5039], [41.7904, -93.9831], [52.9994, -71.5039], [41.7904, -93.9831], [52.9994, -71.5039]]",Iowa,UpperMidwest,0.0,change
35,zoom,Navigation,2016-06-08 17:32:05.049,0.25,0.5454545454545454,0.701,0,1,2,3,0.6367393749999999,2,2,41.83425,-99.685,"['South', 'NorthernRockiesPlains', 'South', 'UpperMidwest', 'SouthWest', 'NorthernRockiesPlains', 'NorthernRockiesPlains', 'NorthernRockiesPlains']","[[35.0085, -111.96], [41.7484, -98.5357], [35.6837, -98.4657], [41.7401, -90.8979], [41.7504, -111.985], [48.49, -98.502], [41.7644, -98.4982], [48.4885, -88.6355]]",Nebraska,NorthernRockiesPlains,0.0,change
36,pan,Navigation,2016-06-08 17:32:06.474,0.7619047619047619,0.391304347826087,1.425,0,1,2,3,0.0,2,2,45.126450000000006,-93.56684999999999,"['NorthernRockiesPlains', 'NorthernRockiesPlains', 'NorthernRockiesPlains', 'NorthernRockiesPlains', 'NorthernRockiesPlains', 'NorthernRockiesPlains', 'NorthernRockiesPlains', 'NorthernRockiesPlains']","[[41.7644, -98.4982], [48.4885, -88.6355], [41.7644, -98.4982], [48.4885, -88.6355], [41.7644, -98.4982], [48.4885, -88.6355], [41.7644, -98.4982], [48.4885, -88.6355]]",Nebraska,NorthernRockiesPlains,343.84984194707124,same
37,zoom,Navigation,2016-06-08 17:32:07.447,0.7727272727272727,0.5416666666666666,0.973,0,1,2,4,0.63332725,2,2,45.118775,-98.5404375,"['NorthernRockiesPlains', 'NorthernRockiesPlains', 'NorthernRockiesPlains', 'UpperMidwest', 'NorthernRockiesPlains', 'NorthernRockiesPlains', 'NorthernRockiesPlains', 'NorthernRockiesPlains']","[[41.7504, -105.244], [45.1093, -98.502], [41.7565, -98.4982], [45.1237, -91.7562], [45.1276, -105.248], [48.4992, -98.8713], [45.1255, -98.4456], [48.458, -91.7582]]",South Dakota,NorthernRockiesPlains,0.0,same
38,pan,Navigation,2016-06-08 17:32:09.318,0.782608695652174,0.4,1.871,0,1,2,4,0.0,2,2,46.79175,-95.1019,"['NorthernRockiesPlains', 'NorthernRockiesPlains', 'NorthernRockiesPlains', 'NorthernRockiesPlains', 'NorthernRockiesPlains', 'NorthernRockiesPlains', 'NorthernRockiesPlains', 'NorthernRockiesPlains']","[[45.1255, -98.4456], [48.458, -91.7582], [45.1255, -98.4456], [48.458, -91.7582], [45.1255, -98.4456], [48.458, -91.7582], [45.1255, -98.4456], [48.458, -91.7582]]",South Dakota,NorthernRockiesPlains,1.3079391187394926,same
39,zoom,Navigation,2016-06-08 17:32:10.497,0.7916666666666666,0.5384615384615384,1.179,0,1,2,5,0.64161675,2,2,43.5267875,-98.37542499999999,"['NorthernRockiesPlains', 'NorthernRockiesPlains', 'NorthernRockiesPlains', 'UpperMidwest', 'NorthernRockiesPlains', 'NorthernRockiesPlains', 'NorthernRockiesPlains', 'UpperMidwest']","[[41.8411, -101.771], [43.5311, -98.3933], [41.8401, -98.3884], [43.5312, -95.0199], [43.5325, -101.632], [45.1855, -98.3941], [43.5328, -98.3916], [45.22, -95.0131]]",South Dakota,NorthernRockiesPlains,0.0,same
40,pan,Sensemaking,2016-06-08 17:32:13.685,0.5,0.625,3.188,10,1,2,5,0.31046125,2,2,41.0134625,-97.4633125,"['NorthernRockiesPlains', 'NorthernRockiesPlains', 'NorthernRockiesPlains', 'UpperMidwest', 'NorthernRockiesPlains', 'UpperMidwest', 'NorthernRockiesPlains', 'UpperMidwest']","[[40.2717, -100.81], [41.8387, -98.3941], [40.1595, -98.3847], [41.8396, -95.1161], [40.1595, -98.3847], [41.8396, -95.1161], [40.1595, -98.3847], [41.8396, -95.1161]]",Nebraska,NorthernRockiesPlains,29.61309241710386,change
41,pan,Sensemaking,2016-06-08 17:32:20.172,0.5714285714285714,0.6666666666666666,6.487,10,1,2,5,0.316592125,2,2,42.238175,-103.318375,"['SouthWest', 'NorthernRockiesPlains', 'NorthernRockiesPlains', 'NorthernRockiesPlains', 'NorthernRockiesPlains', 'NorthernRockiesPlains', 'NorthernRockiesPlains', 'NorthernRockiesPlains']","[[40.1513, -104.815], [41.8364, -101.884], [41.841, -104.835], [43.4649, -101.781], [41.841, -104.835], [43.4649, -101.781], [41.841, -104.835], [43.4649, -101.781]]",Wyoming,NorthernRockiesPlains,357.01355306874655,same
42,zoom,Navigation,2016-06-08 17:32:24.661,0.24,0.5555555555555556,4.489,10,2,2,4,0.630823,2,3,41.8963875,-98.8942,"['SouthWest', 'NorthernRockiesPlains', 'South', 'UpperMidwest', 'NorthernRockiesPlains', 'NorthernRockiesPlains', 'NorthernRockiesPlains', 'UpperMidwest']","[[38.3755, -105.001], [41.7499, -98.5189], [39.5587, -98.4872], [41.7471, -95.1461], [41.7504, -105.244], [45.1093, -98.502], [41.7565, -98.4982], [45.1237, -91.7562]]",Nebraska,NorthernRockiesPlains,0.0,change
43,zoom,Navigation,2016-06-08 17:32:25.418,0.7692307692307693,0.5714285714285714,0.757,10,2,2,3,0.6367393749999999,2,3,41.83425,-99.685,"['South', 'NorthernRockiesPlains', 'South', 'UpperMidwest', 'SouthWest', 'NorthernRockiesPlains', 'NorthernRockiesPlains', 'NorthernRockiesPlains']","[[35.0085, -111.96], [41.7484, -98.5357], [35.6837, -98.4657], [41.7401, -90.8979], [41.7504, -111.985], [48.49, -98.502], [41.7644, -98.4982], [48.4885, -88.6355]]",Nebraska,NorthernRockiesPlains,0.0,same
44,pan,Navigation,2016-06-08 17:32:26.906,0.7777777777777778,0.3793103448275862,1.488,10,2,2,3,0.0,2,3,45.126450000000006,-93.56684999999999,"['NorthernRockiesPlains', 'NorthernRockiesPlains', 'NorthernRockiesPlains', 'NorthernRockiesPlains', 'NorthernRockiesPlains', 'NorthernRockiesPlains', 'NorthernRockiesPlains', 'NorthernRockiesPlains']","[[41.7644, -98.4982], [48.4885, -88.6355], [41.7644, -98.4982], [48.4885, -88.6355], [41.7644, -98.4982], [48.4885, -88.6355], [41.7644, -98.4982], [48.4885, -88.6355]]",Nebraska,NorthernRockiesPlains,1.1217492754218357,same
45,pan,Navigation,2016-06-08 17:32:27.686,0.7857142857142857,0.4,0.78,10,2,2,3,0.32348475,2,3,43.49655,-118.26425,"['None', 'SouthWest', 'None', 'NorthernRockiesPlains', 'None', 'NorthernRockiesPlains', 'None', 'NorthernRockiesPlains']","[[35.4466, -124.124], [41.7065, -112.025], [41.7759, -124.65], [48.4972, -112.005], [41.7759, -124.65], [48.4972, -112.005], [41.7759, -124.65], [48.4972, -112.005]]",None,None,21.222296321169726,same
46,zoom,Navigation,2016-06-08 17:32:28.527,0.7931034482758621,0.5483870967741935,0.841,10,2,2,2,0.651013625,2,3,42.36835000000001,-113.94953749999999,"['None', 'West', 'None', 'UpperMidwest', 'None', 'Other', 'West', 'NorthernRockiesPlains']","[[35.4656, -124.134], [41.6637, -116.597], [30.5427, -116.467], [41.7484, -95.2126], [41.7792, -132.156], [52.9917, -116.51], [41.761, -116.496], [52.9945, -94.0237]]",None,None,0.0,same
47,zoom,Navigation,2016-06-08 17:32:29.085,0.8,0.5625,0.558,10,2,2,1,0.32996662499999996,2,3,41.767250000000004,-87.9112125,"['None', 'NorthernRockiesPlains', 'South', 'Other', 'South', 'Other', 'South', 'Other']","[[30.5427, -132.053], [52.9945, -94.0237], [30.5342, -93.9559], [52.9994, -65.1151], [30.5342, -93.9559], [52.9994, -65.1151], [30.5342, -93.9559], [52.9994, -65.1151]]",Texas,South,0.0,same
48,pan,Foraging,2016-06-08 17:32:31.679,0.3125,0.6666666666666666,2.594,10,2,2,1,0.0,2,3,41.7668,-79.5355,"['South', 'Other', 'South', 'Other', 'South', 'Other', 'South', 'Other']","[[30.5342, -93.9559], [52.9994, -65.1151], [30.5342, -93.9559], [52.9994, -65.1151], [30.5342, -93.9559], [52.9994, -65.1151], [30.5342, -93.9559], [52.9994, -65.1151]]",Texas,South,359.38508929291095,change
49,pan,Foraging,2016-06-08 17:32:32.556,0.7058823529411765,0.6842105263157895,0.877,10,2,2,1,0.0,2,3,41.7668,-79.5355,"['South', 'Other', 'South', 'Other', 'South', 'Other', 'South', 'Other']","[[30.5342, -93.9559], [52.9994, -65.1151], [30.5342, -93.9559], [52.9994, -65.1151], [30.5342, -93.9559], [52.9994, -65.1151], [30.5342, -93.9559], [52.9994, -65.1151]]",Texas,South,0.17732727265039258,same
50,zoom,Navigation,2016-06-08 17:32:33.471,0.22580645161290322,0.5757575757575758,0.915,0,2,2,2,0.3336255,2,3,47.379675000000006,-110.0281375,"['None', 'Other', 'West', 'NorthernRockiesPlains', 'West', 'NorthernRockiesPlains', 'West', 'NorthernRockiesPlains']","[[41.7792, -132.156], [52.9917, -116.51], [41.761, -116.496], [52.9945, -94.0237], [41.761, -116.496], [52.9945, -94.0237], [41.761, -116.496], [52.9945, -94.0237]]",Nevada,West,0.0,change
51,zoom,Navigation,2016-06-08 17:32:43.246,0.78125,0.5882352941176471,9.775,0,2,2,3,0.657263,2,3,47.9384,-111.895675,"['None', 'NorthernRockiesPlains', 'SouthWest', 'NorthernRockiesPlains', 'None', 'Other', 'NorthernRockiesPlains', 'NorthernRockiesPlains']","[[41.7759, -124.65], [48.4972, -112.005], [41.7504, -111.985], [48.49, -98.502], [48.5013, -125.495], [52.9961, -112.008], [48.5, -111.989], [52.9963, -98.5314]]",None,NorthernRockiesPlains,0.0,same
52,zoom,Navigation,2016-06-08 17:32:43.882,0.7878787878787878,0.6,0.636,0,2,2,4,0.645461125,2,3,48.5021875,-118.64875,"['None', 'NorthWest', 'NorthWest', 'NorthernRockiesPlains', 'None', 'NorthWest', 'NorthWest', 'Other']","[[45.1393, -124.664], [48.4949, -118.763], [45.1357, -118.749], [48.4972, -112.017], [48.5002, -125.495], [51.8744, -118.758], [48.505, -118.734], [51.8708, -112.01]]",None,NorthWest,0.0,same
53,pan,Navigation,2016-06-08 17:32:44.821,0.7941176470588235,0.3611111111111111,0.939,0,2,2,4,0.0,2,3,50.1879,-115.372,"['NorthWest', 'Other', 'NorthWest', 'Other', 'NorthWest', 'Other', 'NorthWest', 'Other']","[[48.505, -118.734], [51.8708, -112.01], [48.505, -118.734], [51.8708, -112.01], [48.505, -118.734], [51.8708, -112.01], [48.505, -118.734], [51.8708, -112.01]]",Washington,NorthWest,14.775683258658747,same
54,zoom,Navigation,2016-06-08 17:32:46.717,0.8,0.5945945945945946,1.896,0,2,2,5,0.6424013749999999,2,3,48.6108125,-118.753,"['NorthWest', 'NorthWest', 'NorthWest', 'NorthernRockiesPlains', 'NorthWest', 'NorthWest', 'NorthWest', 'NorthWest']","[[46.9167, -122.076], [48.6073, -119.325], [46.9166, -118.648], [48.5908, -115.314], [48.6095, -121.938], [50.2982, -118.703], [48.6478, -118.693], [50.2996, -115.327]]",Washington,NorthWest,0.0,same
55,pan,Sensemaking,2016-06-08 17:32:48.423,0.5,0.7,1.706,0,2,2,5,0.0,2,3,49.473699999999994,-117.00999999999999,"['NorthWest', 'NorthWest', 'NorthWest', 'NorthWest', 'NorthWest', 'NorthWest', 'NorthWest', 'NorthWest']","[[48.6478, -118.693], [50.2996, -115.327], [48.6478, -118.693], [50.2996, -115.327], [48.6478, -118.693], [50.2996, -115.327], [48.6478, -118.693], [50.2996, -115.327]]",Washington,NorthWest,10.62534250198952,change
56,zoom,Navigation,2016-06-08 17:32:49.743,0.2222222222222222,0.6052631578947368,1.32,0,2,2,4,0.645461125,2,4,48.5021875,-118.64875,"['None', 'NorthWest', 'NorthWest', 'NorthernRockiesPlains', 'None', 'NorthWest', 'NorthWest', 'Other']","[[45.1393, -124.664], [48.4949, -118.763], [45.1357, -118.749], [48.4972, -112.017], [48.5002, -125.495], [51.8744, -118.758], [48.505, -118.734], [51.8708, -112.01]]",None,NorthWest,0.0,change
57,zoom,Navigation,2016-06-08 17:32:50.102,0.7837837837837838,0.6153846153846154,0.359,0,2,2,3,0.47314325,2,4,36.742025,-91.477625,"['None', 'None', 'NorthernRockiesPlains', 'None', 'NorthWest', 'None', 'Other']","[[41.7759, -124.65], [48.4972, -112.005], [49.1719, -132.156], [52.9938, -125.507], [48.5013, -125.495], [52.9961, -112.008]]",None,None,0.0,same
58,zoom,Navigation,2016-06-08 17:32:50.469,0.7894736842105263,0.625,0.367,0,2,2,2,0.3336255,2,4,47.379675000000006,-110.0281375,"['None', 'Other', 'West', 'NorthernRockiesPlains', 'West', 'NorthernRockiesPlains', 'West', 'NorthernRockiesPlains']","[[41.7792, -132.156], [52.9917, -116.51], [41.761, -116.496], [52.9945, -94.0237], [41.761, -116.496], [52.9945, -94.0237], [41.761, -116.496], [52.9945, -94.0237]]",Nevada,West,0.0,same
59,zoom,Navigation,2016-06-08 17:32:50.893,0.7948717948717948,0.6341463414634146,0.424,0,2,2,1,0.169158125,2,4,41.7686,-113.03835000000001,"['None', 'NorthernRockiesPlains', 'None', 'NorthernRockiesPlains', 'None', 'NorthernRockiesPlains', 'None', 'NorthernRockiesPlains']","[[30.5427, -132.053], [52.9945, -94.0237], [30.5427, -132.053], [52.9945, -94.0237], [30.5427, -132.053], [52.9945, -94.0237], [30.5427, -132.053], [52.9945, -94.0237]]",None,None,0.0,same
60,pan,Foraging,2016-06-08 17:32:52.197,0.3333333333333333,0.7,1.304,0,2,2,1,0.1608085,2,4,41.7668,-79.5355,"['South', 'Other', 'South', 'Other', 'South', 'Other', 'South', 'Other']","[[30.5342, -93.9559], [52.9994, -65.1151], [30.5342, -93.9559], [52.9994, -65.1151], [30.5342, -93.9559], [52.9994, -65.1151], [30.5342, -93.9559], [52.9994, -65.1151]]",Texas,South,355.9791705888899,change
61,pan,Foraging,2016-06-08 17:32:53.133,0.6842105263157895,0.7142857142857143,0.936,0,2,2,1,0.0,2,4,41.7668,-79.5355,"['South', 'Other', 'South', 'Other', 'South', 'Other', 'South', 'Other']","[[30.5342, -93.9559], [52.9994, -65.1151], [30.5342, -93.9559], [52.9994, -65.1151], [30.5342, -93.9559], [52.9994, -65.1151], [30.5342, -93.9559], [52.9994, -65.1151]]",Texas,South,345.8487157929785,same
62,zoom,Navigation,2016-06-08 17:32:54.128,0.225,0.6428571428571429,0.995,0,2,2,2,0.3336255,2,4,47.379675000000006,-110.0281375,"['None', 'Other', 'West', 'NorthernRockiesPlains', 'West', 'NorthernRockiesPlains', 'West', 'NorthernRockiesPlains']","[[41.7792, -132.156], [52.9917, -116.51], [41.761, -116.496], [52.9945, -94.0237], [41.761, -116.496], [52.9945, -94.0237], [41.761, -116.496], [52.9945, -94.0237]]",Nevada,West,0.0,change
63,zoom,Navigation,2016-06-08 17:32:54.711,0.7804878048780488,0.6511627906976745,0.583,0,2,2,3,0.32365425000000003,2,4,50.748287499999996,-108.633025,"['None', 'Other', 'NorthernRockiesPlains', 'NorthernRockiesPlains', 'NorthernRockiesPlains', 'NorthernRockiesPlains', 'NorthernRockiesPlains', 'NorthernRockiesPlains']","[[48.5013, -125.495], [52.9961, -112.008], [48.5, -111.989], [52.9963, -98.5314], [48.5, -111.989], [52.9963, -98.5314], [48.5, -111.989], [52.9963, -98.5314]]",Montana,NorthernRockiesPlains,0.0,same
64,pan,Sensemaking,2016-06-08 17:32:55.651,0.5555555555555556,0.7272727272727273,0.94,0,2,2,3,0.47176075,2,4,47.809687499999995,-96.5197625,"['SouthWest', 'NorthernRockiesPlains', 'NorthernRockiesPlains', 'NorthernRockiesPlains', 'NorthernRockiesPlains', 'NorthernRockiesPlains', 'NorthernRockiesPlains', 'NorthernRockiesPlains']","[[41.7504, -111.985], [48.49, -98.502], [41.7644, -98.4982], [48.4885, -88.6355], [48.5025, -98.4653], [52.4896, -88.8034], [48.5025, -98.4653], [52.4896, -88.8034]]",North Dakota,NorthernRockiesPlains,359.8955674952459,change
65,pan,Sensemaking,2016-06-08 17:32:57.016,0.5,0.75,1.365,0,2,2,3,0.0,2,4,50.49605,-93.63435,"['NorthernRockiesPlains', 'NorthernRockiesPlains', 'NorthernRockiesPlains', 'NorthernRockiesPlains', 'NorthernRockiesPlains', 'NorthernRockiesPlains', 'NorthernRockiesPlains', 'NorthernRockiesPlains']","[[48.5025, -98.4653], [52.4896, -88.8034], [48.5025, -98.4653], [52.4896, -88.8034], [48.5025, -98.4653], [52.4896, -88.8034], [48.5025, -98.4653], [52.4896, -88.8034]]",North Dakota,NorthernRockiesPlains,356.3644450807964,same
66,zoom,Navigation,2016-06-08 17:32:58.279,0.23809523809523808,0.6590909090909091,1.263,0,2,2,2,0.32296987499999996,2,5,47.3906125,-88.3725875,"['West', 'NorthernRockiesPlains', 'UpperMidwest', 'Northeast', 'UpperMidwest', 'Northeast', 'UpperMidwest', 'Northeast']","[[41.761, -116.496], [52.9945, -94.0237], [41.7904, -93.9831], [52.9994, -71.5039], [41.7904, -93.9831], [52.9994, -71.5039], [41.7904, -93.9831], [52.9994, -71.5039]]",Iowa,UpperMidwest,0.0,change
67,zoom,Navigation,2016-06-08 17:32:58.767,0.7674418604651163,0.6666666666666666,0.488,0,2,2,1,0.32996662499999996,2,5,41.767250000000004,-87.9112125,"['None', 'NorthernRockiesPlains', 'South', 'Other', 'South', 'Other', 'South', 'Other']","[[30.5427, -132.053], [52.9945, -94.0237], [30.5342, -93.9559], [52.9994, -65.1151], [30.5342, -93.9559], [52.9994, -65.1151], [30.5342, -93.9559], [52.9994, -65.1151]]",Texas,South,0.0,same
68,zoom,Navigation,2016-06-08 17:32:59.507,0.7727272727272727,0.6739130434782609,0.74,0,2,2,0,0.169186,2,5,34.103049999999996,-98.6128,"['None', 'Other', 'None', 'Other', 'None', 'Other', 'None', 'Other']","[[15.2153, -132.053], [52.9908, -65.1726], [15.2153, -132.053], [52.9908, -65.1726], [15.2153, -132.053], [52.9908, -65.1726], [15.2153, -132.053], [52.9908, -65.1726]]",None,None,0.0,same
69,pan,Foraging,2016-06-08 17:33:01.404,0.35,0.7272727272727273,1.897,0,2,2,0,0.0,2,5,34.103049999999996,-98.6128,"['None', 'Other', 'None', 'Other', 'None', 'Other', 'None', 'Other']","[[15.2153, -132.053], [52.9908, -65.1726], [15.2153, -132.053], [52.9908, -65.1726], [15.2153, -132.053], [52.9908, -65.1726], [15.2153, -132.053], [52.9908, -65.1726]]",None,None,8.609727603796387,change
70,pan,Foraging,2016-06-08 17:33:04.476,0.6666666666666666,0.7391304347826086,3.072,0,2,2,0,0.0,2,5,34.103049999999996,-98.6128,"['None', 'Other', 'None', 'Other', 'None', 'Other', 'None', 'Other']","[[15.2153, -132.053], [52.9908, -65.1726], [15.2153, -132.053], [52.9908, -65.1726], [15.2153, -132.053], [52.9908, -65.1726], [15.2153, -132.053], [52.9908, -65.1726]]",None,None,345.868567540052,same
71,pan,Foraging,2016-06-08 17:33:06.664,0.6818181818181818,0.75,2.188,0,2,2,0,0.0,2,5,34.103049999999996,-98.6128,"['None', 'Other', 'None', 'Other', 'None', 'Other', 'None', 'Other']","[[15.2153, -132.053], [52.9908, -65.1726], [15.2153, -132.053], [52.9908, -65.1726], [15.2153, -132.053], [52.9908, -65.1726], [15.2153, -132.053], [52.9908, -65.1726]]",None,None,9.936378054915613,same
72,zoom,Navigation,2016-06-08 17:33:08.731,0.24444444444444444,0.6808510638297872,2.067,0,2,2,1,0.32996662499999996,2,5,41.767250000000004,-87.9112125,"['None', 'NorthernRockiesPlains', 'South', 'Other', 'South', 'Other', 'South', 'Other']","[[30.5427, -132.053], [52.9945, -94.0237], [30.5342, -93.9559], [52.9994, -65.1151], [30.5342, -93.9559], [52.9994, -65.1151], [30.5342, -93.9559], [52.9994, -65.1151]]",Texas,South,0.0,change
73,zoom,Navigation,2016-06-08 17:33:09.353,0.7608695652173914,0.6875,0.622,0,2,2,2,0.3336255,2,5,47.379675000000006,-110.0281375,"['None', 'Other', 'West', 'NorthernRockiesPlains', 'West', 'NorthernRockiesPlains', 'West', 'NorthernRockiesPlains']","[[41.7792, -132.156], [52.9917, -116.51], [41.761, -116.496], [52.9945, -94.0237], [41.761, -116.496], [52.9945, -94.0237], [41.761, -116.496], [52.9945, -94.0237]]",Nevada,West,0.0,same
74,pan,Navigation,2016-06-08 17:33:10.619,0.7659574468085106,0.2857142857142857,1.266,0,2,2,2,0.317388125,2,5,36.750325000000004,-109.471225,"['None', 'West', 'None', 'UpperMidwest', 'None', 'UpperMidwest', 'None', 'UpperMidwest']","[[35.4656, -124.134], [41.6637, -116.597], [30.5427, -116.467], [41.7484, -95.2126], [30.5427, -116.467], [41.7484, -95.2126], [30.5427, -116.467], [41.7484, -95.2126]]",None,None,16.3577690901379,same
75,zoom,Navigation,2016-06-08 17:33:11.837,0.7708333333333334,0.68,1.218,0,2,2,3,0.650957125,2,5,41.8029375,-111.7233375,"['None', 'SouthWest', 'South', 'NorthernRockiesPlains', 'None', 'NorthernRockiesPlains', 'SouthWest', 'NorthernRockiesPlains']","[[35.4466, -124.124], [41.7065, -112.025], [35.0085, -111.96], [41.7484, -98.5357], [41.7759, -124.65], [48.4972, -112.005], [41.7504, -111.985], [48.49, -98.502]]",None,NorthernRockiesPlains,0.0,same
76,zoom,Navigation,2016-06-08 17:33:12.549,0.7755102040816326,0.6862745098039216,0.712,0,2,2,4,0.632255625,2,5,41.7476125,-105.22398749999999,"['SouthWest', 'NorthernRockiesPlains', 'SouthWest', 'NorthernRockiesPlains', 'SouthWest', 'NorthernRockiesPlains', 'NorthernRockiesPlains', 'NorthernRockiesPlains']","[[38.3778, -111.966], [41.744, -105.315], [38.3755, -105.001], [41.7499, -98.5189], [41.75, -111.985], [45.124, -105.26], [41.7504, -105.244], [45.1093, -98.502]]",Utah,NorthernRockiesPlains,0.0,same
77,pan,Navigation,2016-06-08 17:33:16.894,0.78,0.28846153846153844,4.345,0,2,2,4,0.309316625,2,5,46.812025000000006,-103.6994875,"['NorthernRockiesPlains', 'NorthernRockiesPlains', 'NorthernRockiesPlains', 'NorthernRockiesPlains', 'NorthernRockiesPlains', 'NorthernRockiesPlains', 'NorthernRockiesPlains', 'NorthernRockiesPlains']","[[45.1258, -111.985], [48.49, -105.253], [45.1276, -105.248], [48.4992, -98.8713], [45.1276, -105.248], [48.4992, -98.8713], [45.1276, -105.248], [48.4992, -98.8713]]",Montana,NorthernRockiesPlains,9.87135724124791,same
78,zoom,Navigation,2016-06-08 17:33:17.854,0.7843137254901961,0.6792452830188679,0.96,0,2,2,5,0.641040375,3,5,43.532125,-108.55525,"['SouthWest', 'NorthernRockiesPlains', 'NorthernRockiesPlains', 'NorthernRockiesPlains', 'NorthWest', 'NorthernRockiesPlains', 'NorthernRockiesPlains', 'NorthernRockiesPlains']","[[41.8453, -111.92], [43.5284, -108.544], [41.8405, -108.544], [43.5318, -105.244], [43.5336, -111.918], [45.2215, -108.544], [43.5326, -108.544], [45.2233, -105.184]]",Wyoming,NorthernRockiesPlains,0.0,same
79,pan,Sensemaking,2016-06-08 17:33:18.872,0.5454545454545454,0.7692307692307693,1.018,0,2,2,5,0.0,3,5,44.37795,-106.864,"['NorthernRockiesPlains', 'NorthernRockiesPlains', 'NorthernRockiesPlains', 'NorthernRockiesPlains', 'NorthernRockiesPlains', 'NorthernRockiesPlains', 'NorthernRockiesPlains', 'NorthernRockiesPlains']","[[43.5326, -108.544], [45.2233, -105.184], [43.5326, -108.544], [45.2233, -105.184], [43.5326, -108.544], [45.2233, -105.184], [43.5326, -108.544], [45.2233, -105.184]]",Wyoming,NorthernRockiesPlains,1.6699980473249803,change
80,pan,Sensemaking,2016-06-08 17:33:21.107,0.5,0.7857142857142857,2.235,0,2,2,5,0.0,3,5,44.37795,-106.864,"['NorthernRockiesPlains', 'NorthernRockiesPlains', 'NorthernRockiesPlains', 'NorthernRockiesPlains', 'NorthernRockiesPlains', 'NorthernRockiesPlains', 'NorthernRockiesPlains', 'NorthernRockiesPlains']","[[43.5326, -108.544], [45.2233, -105.184], [43.5326, -108.544], [45.2233, -105.184], [43.5326, -108.544], [45.2233, -105.184], [43.5326, -108.544], [45.2233, -105.184]]",Wyoming,NorthernRockiesPlains,347.2836454008981,same
81,pan,Sensemaking,2016-06-08 17:33:23.584,0.5384615384615384,0.8,2.477,0,2,2,5,0.0,3,5,44.37795,-106.864,"['NorthernRockiesPlains', 'NorthernRockiesPlains', 'NorthernRockiesPlains', 'NorthernRockiesPlains', 'NorthernRockiesPlains', 'NorthernRockiesPlains', 'NorthernRockiesPlains', 'NorthernRockiesPlains']","[[43.5326, -108.544], [45.2233, -105.184], [43.5326, -108.544], [45.2233, -105.184], [43.5326, -108.544], [45.2233, -105.184], [43.5326, -108.544], [45.2233, -105.184]]",Wyoming,NorthernRockiesPlains,332.519789602111,same
82,zoom,Navigation,2016-06-08 17:33:24.677,0.23076923076923078,0.6851851851851852,1.093,0,2,2,4,0.6345691250000001,3,6,45.122037500000005,-105.2935375,"['SouthWest', 'NorthernRockiesPlains', 'NorthernRockiesPlains', 'NorthernRockiesPlains', 'NorthernRockiesPlains', 'NorthernRockiesPlains', 'NorthernRockiesPlains', 'NorthernRockiesPlains']","[[41.75, -111.985], [45.124, -105.26], [41.7504, -105.244], [45.1093, -98.502], [45.1258, -111.985], [48.49, -105.253], [45.1276, -105.248], [48.4992, -98.8713]]",Montana,NorthernRockiesPlains,0.0,change
83,zoom,Navigation,2016-06-08 17:33:25.013,0.7735849056603774,0.6909090909090909,0.336,0,2,2,3,0.650957125,3,6,41.8029375,-111.7233375,"['None', 'SouthWest', 'South', 'NorthernRockiesPlains', 'None', 'NorthernRockiesPlains', 'SouthWest', 'NorthernRockiesPlains']","[[35.4466, -124.124], [41.7065, -112.025], [35.0085, -111.96], [41.7484, -98.5357], [41.7759, -124.65], [48.4972, -112.005], [41.7504, -111.985], [48.49, -98.502]]",None,NorthernRockiesPlains,0.0,same
84,zoom,Navigation,2016-06-08 17:33:25.579,0.7777777777777778,0.6964285714285714,0.566,0,2,2,2,0.651013625,3,6,42.36835000000001,-113.94953749999999,"['None', 'West', 'None', 'UpperMidwest', 'None', 'Other', 'West', 'NorthernRockiesPlains']","[[35.4656, -124.134], [41.6637, -116.597], [30.5427, -116.467], [41.7484, -95.2126], [41.7792, -132.156], [52.9917, -116.51], [41.761, -116.496], [52.9945, -94.0237]]",None,None,0.0,same
85,pan,Foraging,2016-06-08 17:33:26.359,0.34782608695652173,0.76,0.78,0,2,2,2,0.0,3,6,47.377750000000006,-105.25985,"['West', 'NorthernRockiesPlains', 'West', 'NorthernRockiesPlains', 'West', 'NorthernRockiesPlains', 'West', 'NorthernRockiesPlains']","[[41.761, -116.496], [52.9945, -94.0237], [41.761, -116.496], [52.9945, -94.0237], [41.761, -116.496], [52.9945, -94.0237], [41.761, -116.496], [52.9945, -94.0237]]",Nevada,West,5.544036215977023,change
86,pan,Foraging,2016-06-08 17:33:27.993,0.6666666666666666,0.7692307692307693,1.634,0,2,2,2,0.0,3,6,47.377750000000006,-105.25985,"['West', 'NorthernRockiesPlains', 'West', 'NorthernRockiesPlains', 'West', 'NorthernRockiesPlains', 'West', 'NorthernRockiesPlains']","[[41.761, -116.496], [52.9945, -94.0237], [41.761, -116.496], [52.9945, -94.0237], [41.761, -116.496], [52.9945, -94.0237], [41.761, -116.496], [52.9945, -94.0237]]",Nevada,West,3.549623753129606,same
87,pan,Foraging,2016-06-08 17:33:29.021,0.68,0.7777777777777778,1.028,0,2,2,2,0.0,3,6,47.377750000000006,-105.25985,"['West', 'NorthernRockiesPlains', 'West', 'NorthernRockiesPlains', 'West', 'NorthernRockiesPlains', 'West', 'NorthernRockiesPlains']","[[41.761, -116.496], [52.9945, -94.0237], [41.761, -116.496], [52.9945, -94.0237], [41.761, -116.496], [52.9945, -94.0237], [41.761, -116.496], [52.9945, -94.0237]]",Nevada,West,358.4268479446692,same
88,zoom,Navigation,2016-06-08 17:33:30.467,0.23636363636363636,0.7017543859649122,1.446,0,2,2,3,0.47314325,3,6,36.742025,-91.477625,"['None', 'None', 'NorthernRockiesPlains', 'None', 'NorthWest', 'None', 'Other']","[[41.7759, -124.65], [48.4972, -112.005], [49.1719, -132.156], [52.9938, -125.507], [48.5013, -125.495], [52.9961, -112.008]]",None,None,0.0,change
89,zoom,Navigation,2016-06-08 17:33:32.007,0.7678571428571429,0.7068965517241379,1.54,10,2,2,4,0.5918593750000001,3,6,45.1312375,-118.507375,"['West', 'NorthWest', 'West', 'NorthernRockiesPlains', 'None', 'NorthWest', 'NorthWest', 'NorthernRockiesPlains']","[[41.7788, -124.358], [45.112, -118.753], [41.7759, -118.75], [45.1161, -112.005], [45.1393, -124.664], [48.4949, -118.763], [45.1357, -118.749], [48.4972, -112.017]]",Oregon,NorthWest,0.0,same
90,zoom,Navigation,2016-06-08 17:33:33.510,0.7719298245614035,0.711864406779661,1.503,10,2,2,5,0.5751658749999999,3,6,46.913725,-118.759375,"['NorthWest', 'NorthWest', 'NorthWest', 'NorthWest', 'NorthWest', 'NorthWest', 'NorthWest', 'NorthernRockiesPlains']","[[45.2255, -122.077], [46.9143, -118.749], [45.2255, -118.573], [46.9131, -115.313], [46.9167, -122.076], [48.6073, -119.325], [46.9166, -118.648], [48.5908, -115.314]]",Washington,NorthWest,0.0,same
91,pan,Sensemaking,2016-06-08 17:33:34.457,0.5,0.8125,0.947,10,2,2,5,0.0,3,6,47.7537,-116.981,"['NorthWest', 'NorthernRockiesPlains', 'NorthWest', 'NorthernRockiesPlains', 'NorthWest', 'NorthernRockiesPlains', 'NorthWest', 'NorthernRockiesPlains']","[[46.9166, -118.648], [48.5908, -115.314], [46.9166, -118.648], [48.5908, -115.314], [46.9166, -118.648], [48.5908, -115.314], [46.9166, -118.648], [48.5908, -115.314]]",Washington,NorthWest,344.8568621312467,change
92,pan,Sensemaking,2016-06-08 17:33:38.757,0.5333333333333333,0.8235294117647058,4.3,10,2,2,5,0.0,3,6,47.7537,-116.981,"['NorthWest', 'NorthernRockiesPlains', 'NorthWest', 'NorthernRockiesPlains', 'NorthWest', 'NorthernRockiesPlains', 'NorthWest', 'NorthernRockiesPlains']","[[46.9166, -118.648], [48.5908, -115.314], [46.9166, -118.648], [48.5908, -115.314], [46.9166, -118.648], [48.5908, -115.314], [46.9166, -118.648], [48.5908, -115.314]]",Washington,NorthWest,351.69997337517395,same
93,zoom,Navigation,2016-06-08 17:33:44.559,0.2413793103448276,0.7166666666666667,5.802,10,3,2,4,0.645461125,3,7,48.5021875,-118.64875,"['None', 'NorthWest', 'NorthWest', 'NorthernRockiesPlains', 'None', 'NorthWest', 'NorthWest', 'Other']","[[45.1393, -124.664], [48.4949, -118.763], [45.1357, -118.749], [48.4972, -112.017], [48.5002, -125.495], [51.8744, -118.758], [48.505, -118.734], [51.8708, -112.01]]",None,NorthWest,0.0,change
94,zoom,Navigation,2016-06-08 17:33:44.887,0.7627118644067796,0.7213114754098361,0.328,10,3,2,3,0.47314325,3,7,36.742025,-91.477625,"['None', 'None', 'NorthernRockiesPlains', 'None', 'NorthWest', 'None', 'Other']","[[41.7759, -124.65], [48.4972, -112.005], [49.1719, -132.156], [52.9938, -125.507], [48.5013, -125.495], [52.9961, -112.008]]",None,None,0.0,same
95,zoom,Navigation,2016-06-08 17:33:45.264,0.7666666666666667,0.7258064516129032,0.377,10,3,2,2,0.3336255,3,7,47.379675000000006,-110.0281375,"['None', 'Other', 'West', 'NorthernRockiesPlains', 'West', 'NorthernRockiesPlains', 'West', 'NorthernRockiesPlains']","[[41.7792, -132.156], [52.9917, -116.51], [41.761, -116.496], [52.9945, -94.0237], [41.761, -116.496], [52.9945, -94.0237], [41.761, -116.496], [52.9945, -94.0237]]",Nevada,West,0.0,same
96,pan,Foraging,2016-06-08 17:33:46.061,0.34615384615384615,0.7857142857142857,0.797,10,3,2,2,0.317388125,3,7,36.750325000000004,-109.471225,"['None', 'West', 'None', 'UpperMidwest', 'None', 'UpperMidwest', 'None', 'UpperMidwest']","[[35.4656, -124.134], [41.6637, -116.597], [30.5427, -116.467], [41.7484, -95.2126], [30.5427, -116.467], [41.7484, -95.2126], [30.5427, -116.467], [41.7484, -95.2126]]",None,None,12.37664635134847,change
97,pan,Foraging,2016-06-08 17:33:46.867,0.6666666666666666,0.7931034482758621,0.806,10,3,2,2,0.0,3,7,36.14555,-105.8398,"['None', 'UpperMidwest', 'None', 'UpperMidwest', 'None', 'UpperMidwest', 'None', 'UpperMidwest']","[[30.5427, -116.467], [41.7484, -95.2126], [30.5427, -116.467], [41.7484, -95.2126], [30.5427, -116.467], [41.7484, -95.2126], [30.5427, -116.467], [41.7484, -95.2126]]",None,None,9.09896713681569,same
98,pan,Foraging,2016-06-08 17:33:48.522,0.6785714285714286,0.8,1.655,10,3,2,2,0.0,3,7,36.14555,-105.8398,"['None', 'UpperMidwest', 'None', 'UpperMidwest', 'None', 'UpperMidwest', 'None', 'UpperMidwest']","[[30.5427, -116.467], [41.7484, -95.2126], [30.5427, -116.467], [41.7484, -95.2126], [30.5427, -116.467], [41.7484, -95.2126], [30.5427, -116.467], [41.7484, -95.2126]]",None,None,350.5180438512962,same
99,pan,Foraging,2016-06-08 17:33:51.786,0.6896551724137931,0.8064516129032258,3.264,0,3,2,2,0.29083649999999994,3,7,44.5777875,-82.364875,"['South', 'Northeast', 'UpperMidwest', 'Northeast', 'UpperMidwest', 'Northeast', 'UpperMidwest', 'Northeast']","[[30.5342, -90.8979], [41.7187, -71.5601], [41.7904, -93.9831], [52.9994, -71.5039], [41.7904, -93.9831], [52.9994, -71.5039], [41.7904, -93.9831], [52.9994, -71.5039]]",Iowa,Northeast,339.74955961318256,same
100,pan,Foraging,2016-06-08 17:33:58.337,0.7,0.8125,6.551,0,3,2,2,0.32354099999999997,3,7,45.18025,-123.341125,"['None', 'West', 'None', 'Other', 'None', 'Other', 'None', 'Other']","[[35.4656, -124.134], [41.6637, -116.597], [41.7792, -132.156], [52.9917, -116.51], [41.7792, -132.156], [52.9917, -116.51], [41.7792, -132.156], [52.9917, -116.51]]",None,None,12.726036915481982,same
101,zoom,Navigation,2016-06-08 17:33:59.153,0.2459016393442623,0.7301587301587301,0.816,0,3,2,3,0.650957125,3,7,41.8029375,-111.7233375,"['None', 'SouthWest', 'South', 'NorthernRockiesPlains', 'None', 'NorthernRockiesPlains', 'SouthWest', 'NorthernRockiesPlains']","[[35.4466, -124.124], [41.7065, -112.025], [35.0085, -111.96], [41.7484, -98.5357], [41.7759, -124.65], [48.4972, -112.005], [41.7504, -111.985], [48.49, -98.502]]",None,NorthernRockiesPlains,0.0,change
102,zoom,Navigation,2016-06-08 17:33:59.777,0.7580645161290323,0.734375,0.624,0,3,2,4,0.632255625,3,7,41.7476125,-105.22398749999999,"['SouthWest', 'NorthernRockiesPlains', 'SouthWest', 'NorthernRockiesPlains', 'SouthWest', 'NorthernRockiesPlains', 'NorthernRockiesPlains', 'NorthernRockiesPlains']","[[38.3778, -111.966], [41.744, -105.315], [38.3755, -105.001], [41.7499, -98.5189], [41.75, -111.985], [45.124, -105.26], [41.7504, -105.244], [45.1093, -98.502]]",Utah,NorthernRockiesPlains,0.0,same
103,pan,Navigation,2016-06-08 17:34:00.898,0.7619047619047619,0.24615384615384617,1.121,0,3,2,4,0.0,3,7,43.42985,-101.87299999999999,"['NorthernRockiesPlains', 'NorthernRockiesPlains', 'NorthernRockiesPlains', 'NorthernRockiesPlains', 'NorthernRockiesPlains', 'NorthernRockiesPlains', 'NorthernRockiesPlains', 'NorthernRockiesPlains']","[[41.7504, -105.244], [45.1093, -98.502], [41.7504, -105.244], [45.1093, -98.502], [41.7504, -105.244], [45.1093, -98.502], [41.7504, -105.244], [45.1093, -98.502]]",Wyoming,NorthernRockiesPlains,349.03995377957494,same
104,zoom,Navigation,2016-06-08 17:34:01.813,0.765625,0.7272727272727273,0.915,0,3,2,5,0.641040375,4,7,43.532125,-108.55525,"['SouthWest', 'NorthernRockiesPlains', 'NorthernRockiesPlains', 'NorthernRockiesPlains', 'NorthWest', 'NorthernRockiesPlains', 'NorthernRockiesPlains', 'NorthernRockiesPlains']","[[41.8453, -111.92], [43.5284, -108.544], [41.8405, -108.544], [43.5318, -105.244], [43.5336, -111.918], [45.2215, -108.544], [43.5326, -108.544], [45.2233, -105.184]]",Wyoming,NorthernRockiesPlains,0.0,same
105,pan,Sensemaking,2016-06-08 17:34:03.559,0.5,0.8333333333333334,1.746,0,3,2,5,0.0,5,7,44.37795,-106.864,"['NorthernRockiesPlains', 'NorthernRockiesPlains', 'NorthernRockiesPlains', 'NorthernRockiesPlains', 'NorthernRockiesPlains', 'NorthernRockiesPlains', 'NorthernRockiesPlains', 'NorthernRockiesPlains']","[[43.5326, -108.544], [45.2233, -105.184], [43.5326, -108.544], [45.2233, -105.184], [43.5326, -108.544], [45.2233, -105.184], [43.5326, -108.544], [45.2233, -105.184]]",Wyoming,NorthernRockiesPlains,338.1174709872957,change
106,pan,Sensemaking,2016-06-08 17:34:05.293,0.5294117647058824,0.8421052631578947,1.734,0,3,2,5,0.0,6,7,44.37795,-106.864,"['NorthernRockiesPlains', 'NorthernRockiesPlains', 'NorthernRockiesPlains', 'NorthernRockiesPlains', 'NorthernRockiesPlains', 'NorthernRockiesPlains', 'NorthernRockiesPlains', 'NorthernRockiesPlains']","[[43.5326, -108.544], [45.2233, -105.184], [43.5326, -108.544], [45.2233, -105.184], [43.5326, -108.544], [45.2233, -105.184], [43.5326, -108.544], [45.2233, -105.184]]",Wyoming,NorthernRockiesPlains,357.99250171047953,same
107,pan,Sensemaking,2016-06-08 17:34:07.822,0.5555555555555556,0.85,2.529,10,3,2,5,0.0,7,7,44.37795,-106.864,"['NorthernRockiesPlains', 'NorthernRockiesPlains', 'NorthernRockiesPlains', 'NorthernRockiesPlains', 'NorthernRockiesPlains', 'NorthernRockiesPlains', 'NorthernRockiesPlains', 'NorthernRockiesPlains']","[[43.5326, -108.544], [45.2233, -105.184], [43.5326, -108.544], [45.2233, -105.184], [43.5326, -108.544], [45.2233, -105.184], [43.5326, -108.544], [45.2233, -105.184]]",Wyoming,NorthernRockiesPlains,4.6565524381771635,same
108,pan,Sensemaking,2016-06-08 17:34:09.048,0.5789473684210527,0.8571428571428571,1.226,10,3,2,5,0.0,8,7,44.37795,-106.864,"['NorthernRockiesPlains', 'NorthernRockiesPlains', 'NorthernRockiesPlains', 'NorthernRockiesPlains', 'NorthernRockiesPlains', 'NorthernRockiesPlains', 'NorthernRockiesPlains', 'NorthernRockiesPlains']","[[43.5326, -108.544], [45.2233, -105.184], [43.5326, -108.544], [45.2233, -105.184], [43.5326, -108.544], [45.2233, -105.184], [43.5326, -108.544], [45.2233, -105.184]]",Wyoming,NorthernRockiesPlains,28.875806989736503,same
109,pan,Sensemaking,2016-06-08 17:34:11.003,0.6,0.8636363636363636,1.955,10,3,2,5,0.0,8,7,44.37795,-106.864,"['NorthernRockiesPlains', 'NorthernRockiesPlains', 'NorthernRockiesPlains', 'NorthernRockiesPlains', 'NorthernRockiesPlains', 'NorthernRockiesPlains', 'NorthernRockiesPlains', 'NorthernRockiesPlains']","[[43.5326, -108.544], [45.2233, -105.184], [43.5326, -108.544], [45.2233, -105.184], [43.5326, -108.544], [45.2233, -105.184], [43.5326, -108.544], [45.2233, -105.184]]",Wyoming,NorthernRockiesPlains,358.00895499398507,same
110,pan,Sensemaking,2016-06-08 17:34:11.968,0.6190476190476191,0.8695652173913043,0.965,10,3,2,5,0.2860135,8,7,44.009212500000004,-104.04974999999999,"['NorthernRockiesPlains', 'NorthernRockiesPlains', 'NorthernRockiesPlains', 'NorthernRockiesPlains', 'NorthernRockiesPlains', 'NorthernRockiesPlains', 'NorthernRockiesPlains', 'NorthernRockiesPlains']","[[41.841, -104.835], [43.4649, -101.781], [43.6998, -105.152], [45.2228, -103.442], [43.6998, -105.152], [45.2228, -103.442], [43.6998, -105.152], [45.2228, -103.442]]",Wyoming,NorthernRockiesPlains,341.9247939142448,same
111,pan,Sensemaking,2016-06-08 17:34:14.616,0.6363636363636364,0.875,2.648,10,3,2,5,0.307009125,8,7,40.99357499999999,-104.15462500000001,"['SouthWest', 'NorthernRockiesPlains', 'SouthWest', 'NorthernRockiesPlains', 'SouthWest', 'NorthernRockiesPlains', 'SouthWest', 'NorthernRockiesPlains']","[[40.149, -107.831], [41.8365, -105.309], [40.1513, -104.815], [41.8364, -101.884], [40.1513, -104.815], [41.8364, -101.884], [40.1513, -104.815], [41.8364, -101.884]]",Colorado,SouthWest,5.769009610048444,same
